,Conversation,Sentiment,cleaned,Length
0,আমি বুথ থেকে কল দেয়ার জন্য দুঃখিত,negative,বুথ কল দেয়ার দুঃখিত,4
1,আমি তোমার সম্পর্কে দুঃখিত,negative,সম্পর্কে দুঃখিত,2
2,আমার ভয় হচ্ছিল আমি খুব ভয় পেয়েছিলাম,negative,ভয় হচ্ছিল ভয় পেয়েছিলাম,4
3,অবশ্যই ধন্যবাদ ,positive,অবশ্যই ধন্যবাদ,2
4,কী সুন্দর!! আমি খুব খুশি,positive,সুন্দর খুশি,2
5,আমিও তার জানাজায় ছিলাম,negative,আমিও জানাজায় ছিলাম,3
6,"আমি দুঃখিত, ভুলে যাচ্ছি আমি তোমাকে বলেছি",negative,দুঃখিত ভুলে যাচ্ছি বলেছি,4
7,আমার সমস্যা হচ্ছে আমি দুঃখিত,negative,সমস্যা দুঃখিত,2
8,দুঃখের সময় সামনে,negative,দুঃখের সময়,2
9,আমি তোমাকে ভালবাসি,positive,ভালবাসি,1
10,"দুর্দান্ত তুমি কি তাতে খুশি?  হ্যাঁ, আমি শিহরিত খুঁজে পেয়েছি!",positive,দুর্দান্ত খুশি হ্যাঁ শিহরিত খুঁজে পেয়েছি,6
11,আমি দুঃখিত কখনও কখনও এটি ঘটে,negative,দুঃখিত ঘটে,2
12,আমি দুঃখিত,negative,দুঃখিত,1
13,তোমাকে স্বাগতম ,positive,স্বাগতম,1
14,আমরা ব্রেক আপ করেছি,negative,ব্রেক আপ করেছি,3
15,"আমার শরীর নিয়ন্ত্রণ হারাতে শুরু করে
",negative,শরীর নিয়ন্ত্রণ হারাতে,3
16,আমার অবস্থা বর্ণনা করা কঠিন ছিল,negative,অবস্থা বর্ণনা কঠিন,3
17,আমিও সামলাতে পারিনি,negative,আমিও সামলাতে পারিনি,3
18,আমার ভবিষ্যতটি বিবর্ণ দেখাচ্ছে,negative,ভবিষ্যতটি বিবর্ণ দেখাচ্ছে,3
19,এমনভাবে দেখানোর জন্য দুঃখিত,negative,এমনভাবে দেখানোর দুঃখিত,3
20,আমার অনেক পরিকল্পনা আছে ,positive,পরিকল্পনা,1
21,আমরা দুজনেই বিবাহিত হতে পারি,positive,দুজনেই বিবাহিত,2
22,আমি আশা করি তুমি খুশি হবেন,positive,আশা খুশি,2
23,আমি যা করেছি তা ভয়ানক ছিল,negative,করেছি ভয়ানক,2
24,আমি থাকতে পারছিলাম না,negative,থাকতে পারছিলাম,2
25,সে আমার সম্পর্কে ভুলে যেতে চায়,negative,সম্পর্কে ভুলে,2
26,তোমার দৃঢ় প্রত্যয় আমাকে অভিভূত করেছিল,positive,দৃঢ় প্রত্যয় অভিভূত করেছিল,4
27,শেষ পর্যন্ত আমাদের বিয়ে হয়ে গেল,positive,শেষ বিয়ে,2
28,আমি খুব শান্তি পাচ্ছি,positive,শান্তি পাচ্ছি,2
29,শুভ সকাল,positive,শুভ সকাল,2
30,এখানে ফুল দিয়ে পূর্ণ হলে এই বাগানটি খুব সুন্দর হবে,positive,ফুল পূর্ণ বাগানটি সুন্দর,4
31,তুমি খুব কষ্ট করতেছো,negative,কষ্ট করতেছো,2
32,বর্ষাকাল শেষ হবে,positive,বর্ষাকাল শেষ,2
33,আমি নিশ্চিত তারা তাকে নিতে আসবে,positive,নিশ্চিত আসবে,2
34,আমরা সময়গুলি ভালভাবেই উপভোগ করেছি,positive,সময়গুলি ভালভাবেই উপভোগ করেছি,4
35,আমি দুঃখিত আমি আপনাকে ভয় পাইয়ে দিয়েছি,negative,দুঃখিত ভয় পাইয়ে দিয়েছি,4
36,আমি দুঃখিত,negative,দুঃখিত,1
37,এটি সত্যিই একটি দীর্ঘ গল্প ,positive,সত্যিই দীর্ঘ গল্প,3
38,আমি তাদের সম্পর্কে উদ্বিগ্ন,negative,সম্পর্কে উদ্বিগ্ন,2
39,আমি সত্যিই আপনার সাথে কথা বলছি,positive,সত্যিই বলছি,2
40,আমাকে আপনার সম্পর্কে বলেছে,positive,সম্পর্কে বলেছে,2
41,শুভ জন্মদিন ,positive,শুভ জন্মদিন,2
42,কি দারুন!,positive,দারুন,1
43,আমি আজ এটি উদযাপন করতে চাই,positive,উদযাপন চাই,2
44,আমার একটু ভয় হচ্ছে,negative,একটু ভয়,2
45,আমি তোমায় ভালোবাসি,positive,তোমায় ভালোবাসি,2
46,আমাকে বিদায় জানাতে হবে,negative,বিদায় জানাতে,2
47,"আমি দুঃখিত, মা",negative,দুঃখিত,1
48,"তুমি মারা গেছো এটা আমার দোষ, তাই না?",negative,মারা গেছো দোষ,3
49,তুমি অনেক বোকা,positive,বোকা,1
50,তুমি আমাদের সুখ এনে দিয়েছো,positive,সুখ এনে দিয়েছো,3
51,তুমি আমাকে খুব খুশি করেছো,positive,খুশি করেছো,2
52,"বড় হয়ে ওঠো চমৎকার মানুষ হিসেবে, ঠিক আছে?",positive,বড় ওঠো চমৎকার মানুষ হিসেবে,5
53,"তুমি পেরেছো, আমি খুশি",positive,পেরেছো খুশি,2
54,আমি খুব খুশি ছিলাম,positive,খুশি ছিলাম,2
55,আমি সবসময় খুশি ছিলাম,positive,সবসময় খুশি ছিলাম,3
56,তুমিই ছিলে আমার সুখ,positive,তুমিই ছিলে সুখ,3
57,"তোমার সাথে থাকাই আমার সব খুশি ছিল
",positive,থাকাই খুশি,2
58, ঠান্ডা লাগছে,negative,ঠান্ডা লাগছে,2
59,আমি সবসময় তোমার পাশে থাকা স্বাচ্ছন্দ্যবোধ করি,positive,সবসময় পাশে স্বাচ্ছন্দ্যবোধ,3
60,মা! খুঁজে পেয়েছি!,positive,খুঁজে পেয়েছি,2
61,সে বৃষ্টির সাথে এসে বৃষ্টির সাথে চলে গেল,positive,বৃষ্টির বৃষ্টির,2
62,"ডাক্তার, তুমি কি সত্যই আমাকে বিশ্বাস কর?",positive,ডাক্তার সত্যই বিশ্বাস কর,4
63,আবারও প্রেমে পড়ে গেলাম,positive,আবারও প্রেমে পড়ে গেলাম,4
64,আমি খুব খুশি ছিলাম,positive,খুশি ছিলাম,2
65,আমি অবাক হই এই পৃথিবীতে কত লোক,positive,অবাক হই পৃথিবীতে লোক,4
66,তারপরে আবার একসাথে ফিরে যেতে পেরেছে?,positive,তারপরে একসাথে পেরেছে,3
67,তোমরা দুজনেই দেখা করার জন্য যথেষ্ট ভাগ্যবান ছিলে,positive,তোমরা দুজনেই ভাগ্যবান ছিলে,4
68,আমি এমন কাউকে পেয়েছি যাকে ছাড়া কিছু ভাবতে পারি না,positive,পেয়েছি ছাড়া ভাবতে,3
69,"আমি আশ্চর্য হবো, যদি আমি প্রেমে পড়ে যাই",positive,আশ্চর্য হবো প্রেমে পড়ে যাই,5
70,আমার মনে হয় যে আমি তার প্রেমে পড়েছি,positive,প্রেমে পড়েছি,2
71,আমি কেবল তার পাশে বসে খুশি,positive,কেবল পাশে খুশি,3
72,এটি আমাকে সুখী করার পক্ষে যথেষ্ট,positive,সুখী,1
73,আমি তোমাকে জানতে চাই,positive,চাই,1
74,তুমি কোন বই পড়ছো?,positive,বই পড়ছো,2
75,তুমি কি ধরনের গান পছন্দ করো?,positive,ধরনের গান পছন্দ,3
76,তোমার প্রিয় রং কি কি?,positive,প্রিয় রং,2
77,তুমি কি ধরনের মেয়েদের পছন্দ করো?,positive,ধরনের মেয়েদের পছন্দ,3
78,আমি তাকে ফোন করতে পারলাম এটি ফিরিয়ে দিতে,positive,ফোন পারলাম ফিরিয়ে,3
79,আমি তাকে ফোন করব,positive,ফোন করব,2
80,আমি সাহস পাইনি,negative,সাহস পাইনি,2
81,আমি তোমার মূল্যবান কলম সম্পর্কে দুঃখিত,negative,মূল্যবান কলম সম্পর্কে দুঃখিত,4
82,এই কলম আনন্দ এনে দিয়েছে,positive,কলম আনন্দ এনে দিয়েছে,4
83,"অনেকদিন হয়ে গেল, তুমি কেমন আছো?",positive,অনেকদিন কেমন আছো,3
84,তোমার কাছে এক কাপ কফি খাওয়ার জন্য সময় আছে?,positive,এক কাপ কফি খাওয়ার সময়,5
85,আমি কথা বলতে পারছিলাম না,negative,পারছিলাম,1
86,তবে আমি খুব খুশি ছিলাম,positive,খুশি ছিলাম,2
87,আমি আশা করি এটি যেন চিরকাল স্থায়ী হয়,positive,আশা চিরকাল স্থায়ী,3
88,"তবে বসন্তে, তুমি আমাকে একটি চিঠি লিখেছিলে",positive,বসন্তে চিঠি লিখেছিলে,3
89,আমরা উভয়ই বিবাহিত থাকতে পারি আলাদাভাবে,positive,উভয়ই বিবাহিত থাকতে আলাদাভাবে,4
90,আমি আশা করি তুমি খুশি থাকবে,positive,আশা খুশি,2
91,কিন্ত আমার একমাত্র সুখ তো তোমার পাশে রয়েছে,positive,কিন্ত একমাত্র সুখ পাশে,4
92,আমি তোমাকে দেখতে চাই,positive,চাই,1
93,আমি সহ্য করতে পারি না,negative,সহ্য,1
94,প্রেমে পড়েছি এবং ভালবেসেছি,positive,প্রেমে পড়েছি ভালবেসেছি,3
95,আমি ভবিষ্যত ভ্রমণ করেছি,positive,ভবিষ্যত ভ্রমণ করেছি,3
96,আমি আনন্দিত ছিলাম,positive,আনন্দিত ছিলাম,2
97,আমি সুখী জীবন যাপন করেছিলাম,positive,সুখী জীবন যাপন করেছিলাম,4
98,তারপর আমি বুঝলাম,positive,বুঝলাম,1
99,আমি মারা যাব,negative,মারা যাব,2
100,আমি প্রতিজ্ঞা করব পরের বর্ষায় ফিরে আসতে,positive,প্রতিজ্ঞা করব পরের বর্ষায় আসতে,5
101,তুমি এবং আমি সর্বদা একসাথে থাকব,positive,সর্বদা একসাথে থাকব,3
102,আপনার রেসিপি পছন্দ হয়েছে,positive,রেসিপি পছন্দ হয়েছে,3
103,তুমি কি আবার লম্বা হয়েছ?,positive,লম্বা হয়েছ,2
104,আমি বৃত্তি পেয়েছি,positive,বৃত্তি পেয়েছি,2
105,সোজাসুজি এদিকেই আসছে।,positive,সোজাসুজি এদিকেই আসছে,3
106,এসব কি করছেন?,negative,এসব,1
107,মুখ বন্ধ রাখুন।,negative,মুখ বন্ধ রাখুন,3
108,প্রত্যেকটা আঘাতের বদলে দ্বিগুন আঘাত ফেরত দেওয়া হবে,negative,প্রত্যেকটা আঘাতের দ্বিগুন আঘাত ফেরত,5
109,মাথা কেটে সবগুলোকে মুক্তি দেওয়া হবে,negative,মাথা কেটে সবগুলোকে মুক্তি,4
110,"রক্ত আমার বয়েছে, আপনার নয়",negative,রক্ত বয়েছে,2
111,যে এই মাটিতে লাল রঙের পতাকা উড়াবে,positive,মাটিতে লাল রঙের পতাকা উড়াবে,5
112,ভয় পেয় না,negative,ভয় পেয়,2
113,গতকাল তিনজনকে হত্যা করা হয়েছে,negative,গতকাল তিনজনকে হত্যা হয়েছে,4
114,আমার কাছে যা ছিল সব ভাগ করে দিয়েছি।,positive,ভাগ দিয়েছি,2
115,মহিলা আর বাচ্চাদের উপরে নির্যাতন করা হয়েছে,negative,মহিলা বাচ্চাদের নির্যাতন হয়েছে,4
116,আশ্রয় পাওয়ার মত তাদের কোন জায়গা নেই,negative,আশ্রয় পাওয়ার মত জায়গা,4
117,"তুমি চিন্তা কর না, একটা সমাধান খুঁজে বের করব",positive,চিন্তা কর সমাধান খুঁজে বের করব,6
118,তাদের খুন করা ছাড়া অন্য কোন পথ নেই,negative,খুন ছাড়া পথ,3
119,"যারা সত্য কথা বলবে, তাদেরই খুন করা হবে।",negative,সত্য বলবে তাদেরই খুন,4
120,চোখে দেখতে পান না?,negative,চোখে পান,2
121,সেটা কিভাবে সম্ভব?,positive,কিভাবে সম্ভব,2
122,তোর বোন মারা যাবে।,negative,তোর বোন মারা,3
123,মা কাঁদছে।,negative,কাঁদছে,1
124,আপনি আসুন।,positive,আসুন,1
125,তাদের কাছে কোন টাকা নেই। হাতে থাকা সবকিছু শেষ হয়ে গেছে।,negative,টাকা হাতে সবকিছু শেষ,4
126,তার বোন মারা গেছে।,negative,বোন মারা,2
127,"স্যার, রোদে বাইরে থাকবেন না, কালো হয়ে যাবেন।",positive,স্যার রোদে বাইরে কালো যাবেন,5
128,তার চাকরি ছেড়ে আরেকটা পেতে কষ্ট হচ্ছে।,negative,চাকরি ছেড়ে আরেকটা পেতে কষ্ট,5
129,আপনার ফোন বাজছে।,positive,ফোন বাজছে,2
130,ওখানে দাঁড়িয়ে আছে,positive,দাঁড়িয়ে,1
131,দূরে গিয়ে সিগারেট খাও,negative,দূরে সিগারেট খাও,3
132,কিন্তু বাস্তব পরিস্থিতিতে সেটা ভিন্ন।,positive,বাস্তব পরিস্থিতিতে ভিন্ন,3
133,আসলে এখানে সবচেয়ে বড় ভুক্তভোগী আমরাই,negative,আসলে সবচেয়ে বড় ভুক্তভোগী আমরাই,5
134,মুখ সামলাও। সম্মান দিয়ে কথা বল।,negative,মুখ সামলাও সম্মান দিয়ে বল,5
135,সেসবের সাথে এর কোন সম্পর্ক নেই।,positive,সেসবের সম্পর্ক,2
136,পুরো শহর রক্তে ভেসে গেছে,negative,পুরো শহর রক্তে ভেসে,4
137,আমরা রক্তের বদলে রক্ত নিব,negative,রক্তের রক্ত নিব,3
138,রক্তের বদলা নিয়ে ছাড়বো,negative,রক্তের বদলা ছাড়বো,3
139,নানারকম স্বাস্থ্য সমস্যা আর তাছাড়া কালকে পা কেটে গেছে,negative,নানারকম স্বাস্থ্য সমস্যা তাছাড়া কালকে পা কেটে,7
140,তাঁকে ছাড়ে দাও। শেষ করে দেবে তোমাকে।,negative,ছাড়ে দাও শেষ দেবে,4
141,"টাকা বের কর, নইলে তুই শেষ!",negative,টাকা বের কর নইলে তুই শেষ,6
142,দিব থাপ্পড়।,negative,দিব থাপ্পড়,2
143,বাজে কথা বলছেন কেন?,negative,বাজে বলছেন,2
144,বাজে কথা বললে তুই কি করবি? জলদি টাকা বের কর!,negative,বাজে বললে তুই করবি জলদি টাকা বের কর,8
145,এই ছোট ব্যাপারে টাকা কেন?,negative,ছোট টাকা,2
146,তোমার মা কোথায়?,positive,কোথায়,1
147,"উনার রক্তে সুগার বেড়ে গেছে, আরো কিছু সমস্যার জন্য হাসপাতালে আছে।",negative,উনার রক্তে সুগার বেড়ে আরো সমস্যার হাসপাতালে,7
148,কেউ কি ফোন করেছিল?,positive,ফোন করেছিল,2
149,তোমার সব বিষয়গুলো জানি আমি।,positive,বিষয়গুলো জানি,2
150,আমরা স্বামী-স্ত্রী এখনো একে অপরকে ভালবাসি,positive,স্বামী স্ত্রী এখনো অপরকে ভালবাসি,5
151,"আমার হিরো, আমার জন্য সে একাই একশ",positive,হিরো একাই একশ,3
152,আমার স্বামী আমার সবচেয়ে প্রিয় মানুষ।,positive,স্বামী সবচেয়ে প্রিয় মানুষ,4
153,"এখানে এসে জানতে পারলাম, এখানকার সবাই কাপুরুষ।",positive,পারলাম এখানকার সবাই কাপুরুষ,4
154,তখন থেকে আমার ভয় করছে।,negative,ভয়,1
155,"তিন-চার দিন আগে, চারজন লোক এসে হুমকি দিয়ে গেছে।",negative,তিন চারজন লোক হুমকি দিয়ে,5
156,আমি আর বাচ্চারা ঘরছাড়া হয়ে যাব,negative,বাচ্চারা ঘরছাড়া যাব,3
157,তুমি চুপ থাকো।,negative,চুপ থাকো,2
158,দেখে নিব তোকে।,negative,নিব তোকে,2
159,এখানে থাকতে হলে অবশ্যই একজন ছেলে বন্ধু লাগবে।,positive,থাকতে অবশ্যই একজন ছেলে বন্ধু লাগবে,6
160,আমাকে আর আমার ছেলেকে মেরে ফেলবে।,negative,ছেলেকে মেরে ফেলবে,3
161,পাগল কে? কাকে পাগল বলছেন?,negative,পাগল কাকে পাগল বলছেন,4
162,বেশি সেয়ানাগিরি করছেন নাকি?,negative,সেয়ানাগিরি,1
163,"তাকে পরিচয় করিয়ে দিয়েন, যাতে কাজের সুযোগ পায়।",positive,পরিচয় করিয়ে দিয়েন কাজের সুযোগ পায়,6
164,"তুমি যাও, আমি তাকে দিয়ে দেব।",positive,যাও দিয়ে দেব,3
165,সব মুভি দেখতে আমাকে ও মেয়েকে নিয়ে যেত।,positive,মুভি মেয়েকে যেত,3
166,মারা যাওয়ার আগে বয়স ৭/৮ বছর ছিল। ছোট্ট অসহায় মেয়ে।,negative,মারা যাওয়ার বয়স ৭ ৮ বছর ছোট্ট অসহায় মেয়ে,9
167,রোগে মারা গিয়েছিল।,negative,রোগে মারা গিয়েছিল,3
168,আওয়াজ শুনে গায়ের লোম খাড়া হয়ে গিয়েছিল,negative,আওয়াজ শুনে গায়ের লোম খাড়া গিয়েছিল,6
169,মেয়েটা আমার পেটের উপরে বসে খেলা করত। পছন্দ করত এভাবে খেলা করতে।,positive,মেয়েটা পেটের খেলা করত পছন্দ করত এভাবে খেলা,8
170,আমি বেঁচে থাকতে সেটা মেনে নেব না।,negative,বেঁচে থাকতে মেনে নেব,4
171,"আমাকে পছন্দ করে না, যাই বলি, আমার সাথে ঝগড়া করে।",negative,পছন্দ যাই বলি ঝগড়া,4
172,বাবা ও বোনের মৃত্যু ওকে অনেক কষ্ট দিয়েছে,negative,বাবা বোনের মৃত্যু কষ্ট দিয়েছে,5
173,"আমি যাই, ওর জন্য ডিনারের ব্যবস্থা করি।",positive,যাই ডিনারের ব্যবস্থা,3
174,একটু টাকা লোভী। এখনই চলে আসবে।,positive,একটু টাকা লোভী এখনই আসবে,5
175,নাম রেখে তিনি মৃত্যুবরণ করেছিলেন,negative,নাম মৃত্যুবরণ,2
176,তুমি এখানে বসে বসে গল্প করছ!,positive,গল্প করছ,2
177,ছোটবেলায় বাবার কাছে শুনেছিলাম।,positive,ছোটবেলায় বাবার শুনেছিলাম,3
178,"লাল, হলুদ নাকি নীল রং এটা কোন বিষয় নয়।",positive,লাল হলুদ নীল রং বিষয়,5
179,"বাজে কথা না বলে, যা।",negative,বাজে,1
180,সে তোমাকে বোন ভাবে,positive,বোন,1
181,পিঠের ব্যাথাটা সারাতে হবে,negative,পিঠের ব্যাথাটা সারাতে,3
182,"যদিও সেই একই বনের পাখি, আর সেই একই মেঘের ঘনঘটা",positive,বনের পাখি মেঘের ঘনঘটা,4
183,"জীবনের চলার পথ, প্রকৃতিতে ঘেরা",positive,জীবনের চলার পথ প্রকৃতিতে ঘেরা,5
184,ওহে চাঁদের আলো রাঙ্গিয়ে দাও এই পথ,positive,ওহে চাঁদের আলো রাঙ্গিয়ে দাও পথ,6
185,এসো আমার নিশীত রজনীর সঙ্গী হয়ে,positive,এসো নিশীত রজনীর সঙ্গী,4
186,ঠিক আছে স্যার।,positive,স্যার,1
187,"তোমরা এখানে অপেক্ষা কর, আমি ভিতরে গিয়ে তোমাদের ডাকব।",positive,তোমরা অপেক্ষা কর ভিতরে তোমাদের ডাকব,6
188,কিছু লোকের ছেলেমেয়েরা অনৈতিকভাবে প্রমোশন পেয়ে যাচ্ছে।,negative,লোকের ছেলেমেয়েরা অনৈতিকভাবে প্রমোশন,4
189,এতোকিছু পাচ্ছো তাতে হচ্ছে না?,negative,এতোকিছু পাচ্ছো,2
190,আপা এই সেই মেয়ে যাকে আমি বিয়ে করব।,positive,আপা মেয়ে বিয়ে করব,4
191,ওহ তাই নাকি! হ্যাঁ ঠিক তাই!,positive,ওহ হ্যাঁ,2
192,আপনার হার্ট খুবই দূর্বল।,negative,হার্ট খুবই দূর্বল,3
193,এসব কি? গিয়ে নিজের চরকায় তেল দাও!,negative,এসব চরকায় তেল দাও,4
194,অবশ্যই সেটা করতে হবে! এটাই আমাদের সুযোগ।,positive,অবশ্যই সুযোগ,2
195, যার সাথে দেখা করতে যাচ্ছ সে তোমাকে ব্যাপক শান্তি দিবে!,positive,যাচ্ছ ব্যাপক শান্তি দিবে,4
196,আর্থিক অবস্থা ভালো নয়। স্বামী মৃত,negative,আর্থিক অবস্থা ভালো স্বামী মৃত,5
197,"আমি কোন মিল খুঁজে পাইনি, সম্ভবত তুই তার মুখের দিকে তাকাসনি।",positive,মিল খুঁজে পাইনি সম্ভবত তুই মুখের তাকাসনি,7
198,দূর হ এখান থেকে।,negative,দূর হ এখান,3
199,"তোমার কোন ক্ষমা নেই, দুর্নীতিবাজ",negative,ক্ষমা দুর্নীতিবাজ,2
200, এখান থেকে সরে পড়।,negative,এখান সরে পড়,3
201,"আমার যদি কিছু হয়ে যায়, কাঁদার জন্য একমাত্র সেই আছে।",negative,কাঁদার একমাত্র,2
202,"এখন ওসব শেষ, পুলিশের এক লোক বাসে একজনকে হত্যা করেছে।",negative,ওসব শেষ পুলিশের এক লোক বাসে একজনকে হত্যা,8
203,তুই কাকে খুন করেছিস?,negative,তুই কাকে খুন করেছিস,4
204,মার ওকে! মেরে ফেল!,negative,মার মেরে ফেল,3
205,তোমাকে লাইট জ্বালাতে বারণ করেছি না?,negative,লাইট জ্বালাতে বারণ করেছি,4
206,"এখন তুমি কারো হাঁচির শব্দে ভয় পাও, বাচ্চারা কান্নাকাটি করে",negative,কারো হাঁচির শব্দে ভয় পাও বাচ্চারা কান্নাকাটি,7
207,এখানে দাঁড়া।,negative,দাঁড়া,1
208,"স্যার, এসবের পিছনে কি কোন রাজনৈতিক উদ্যেশ্য আছে?",positive,স্যার এসবের পিছনে রাজনৈতিক উদ্যেশ্য,5
209,কে বা কারা এর সাথে জড়িত তা বলার মত উপযুক্ত তথ্য নেই।,positive,কারা জড়িত বলার মত উপযুক্ত তথ্য,6
210,"একটা কাজ করবে, যখন আমি বলব, তখন আমাকে একটা কল করবে।",positive,বলব কল,2
211,তুমি যা করেছ তা এক হিসেবে বিশ্বাসঘাতকতা।,negative,করেছ এক হিসেবে বিশ্বাসঘাতকতা,4
212,তাদের রক্ত পানি করে দিচ্ছে।,negative,রক্ত পানি দিচ্ছে,3
213,এখানে থাকাটা নিরাপদ নয়। তারা মেরে ফেলবে।,negative,থাকাটা নিরাপদ মেরে ফেলবে,4
214,আমি শুধু আপনার সাথে কথা বলতে এসেছি,positive,এসেছি,1
215,তারা অনেক কিছু হারিয়ে অভাবগ্রস্থ হয়ে গেছে।,negative,হারিয়ে অভাবগ্রস্থ,2
216,আপনার কাছে ভিক্ষা চাইছি।,negative,ভিক্ষা চাইছি,2
217,তার রেজাল্ট খুব খারাপ ছিল,negative,রেজাল্ট খারাপ,2
218,"যে রোদে পুড়ে, বৃষ্টিতে ভিজে নাইয়ের জমিতে ফসল ফলাত",negative,রোদে পুড়ে বৃষ্টিতে ভিজে নাইয়ের জমিতে ফসল ফলাত,8
219,"সবার খাদ্য সরবারহ করেছি, যতক্ষণ না প্রয়োজন শেষ হয়।",positive,খাদ্য সরবারহ করেছি যতক্ষণ প্রয়োজন শেষ,6
220,ফুটবল খেলা অনেক পছন্দ করি।,positive,ফুটবল খেলা পছন্দ,3
221,"অনেক দিন আগে,আমার সাথে একবার বেয়াদবি করেছ তুমি।",negative,বেয়াদবি করেছ,2
222, সেদিনই তোমাকে শেষ করে দিতে পারতাম,negative,সেদিনই শেষ পারতাম,3
223,"বাম পা অক্ষম, আমি হাঁটতে পারিনা",negative,বাম পা অক্ষম হাঁটতে পারিনা,5
224,সহানুভূতি প্রকাশ করেছি,negative,সহানুভূতি প্রকাশ করেছি,3
225,এটাই তো স্বাভাবিক।,positive,স্বাভাবিক,1
226,আমি কাঁদছি,negative,কাঁদছি,1
227,এর জন্য অনেক ভুগেছি,negative,ভুগেছি,1
228,সবকিছু সহ্য করা কঠিন,negative,সবকিছু সহ্য কঠিন,3
229,আমারিকাতে যাওয়ার কোন ফ্লাইট নেই।,positive,আমারিকাতে যাওয়ার ফ্লাইট,3
230,আগে আমার শরীর থেকে হাত সরাও!,negative,শরীর হাত সরাও,3
231,বল হারামজাদা।,negative,বল হারামজাদা,2
232,মেরে ফেলব কিন্তু।,negative,মেরে ফেলব,2
233,তোর স্বামীকে হত্যা কেন করেছি।,negative,তোর স্বামীকে হত্যা করেছি,4
234,মনে হয় আমাকে জেলে যেতেই হবে।,negative,জেলে যেতেই,2
235,মানসিক সমস্যার প্রেসক্রিপশন? ,negative,মানসিক সমস্যার প্রেসক্রিপশন,3
236,চার বছর আগে মারা গেছে।,negative,বছর মারা,2
237,অতিরিক্ত টেনশনের ফলেই পিঠে ব্যাথা হয়েছে।,negative,অতিরিক্ত টেনশনের ফলেই পিঠে ব্যাথা হয়েছে,6
238,মৃত্যু কেবল জীবনের ধারাবাহিকতা  মাত্র।,negative,মৃত্যু কেবল জীবনের ধারাবাহিকতা,4
239,জীবন অবশ্যই তার নির্ধারিত পথে চলবে,positive,জীবন অবশ্যই নির্ধারিত পথে চলবে,5
240,"সে ঝুলে পড়বে, পুরুষদের ফাঁসি হবে",negative,ঝুলে পড়বে পুরুষদের ফাঁসি,4
241,ওই লোক খুব কষ্টে আছে।,negative,লোক কষ্টে,2
242,"দেখো, তোমার শরীর ভাল না,",negative,দেখো শরীর ভাল,3
243,"নিজের সমস্যার সমাধান কর, যেগুলো তুই নিজে সৃষ্টি করেছিস।",positive,সমস্যার সমাধান কর যেগুলো তুই সৃষ্টি করেছিস,7
244,কেউ ঝামেলা করিস না,negative,ঝামেলা করিস,2
245,ক্ষমা চেয়ে বিদায় হ।,negative,ক্ষমা চেয়ে বিদায় হ,4
246,একজন লোকের একটি মাত্র ছবি আছে । আমার বাসার দেয়ালে অনেক মানুষের ছবি নেই।,positive,একজন লোকের ছবি বাসার দেয়ালে মানুষের ছবি,7
247,জানি আপনি ব্যাথায় ভুগছেন।,negative,জানি ব্যাথায় ভুগছেন,3
248,তোর সমস্যার কী খরব? আমার কোন সমস্যা নেই।,positive,তোর সমস্যার খরব সমস্যা,4
249,"অনেক কিছু করার চেষ্টা করেছি, সফল হতে পারিনি।",positive,করেছি সফল পারিনি,3
250,মনে শান্তি আসবে,positive,শান্তি আসবে,2
251,"কিছু বলার থাকলে বলেন, নয়ত বেরিয়ে যান।",negative,বলার থাকলে নয়ত বেরিয়ে,4
252,পাঁচ বছর বয়সে মা মারা যায়,negative,পাঁচ বছর বয়সে মারা যায়,5
253,"যদি আর এক পা ভেতরে আছিস, পা কেটে ফেলব রক্তপাত করতে চাস?",negative,এক পা ভেতরে আছিস পা কেটে ফেলব রক্তপাত চাস,9
254,"আজেবাজে না বকে, চলে যা এখান থেকে!",negative,আজেবাজে বকে এখান,3
255,বাবা ও চাচার রক্ত ঝড়া দেখেছে সে,negative,বাবা চাচার রক্ত ঝড়া দেখেছে,5
256,তোমাকে না কতবার পুরানো সিনেমা দেখতে নিষেধ করেছি,negative,কতবার পুরানো সিনেমা নিষেধ করেছি,5
257,তুমি আমার কথা শোন না কেন?,negative,শোন,1
258,আমি দেবদাসের মতো একটি বাচ্চা চাই।,positive,দেবদাসের বাচ্চা চাই,3
259,আমি যেটার ভয় করি ঠিক তাই হলো।,negative,যেটার ভয়,2
260,এই পৃথিবীতে যে কেউ নিজের মাথা খাটিয়ে যা খুশি তা অর্জন করতে পারে।,positive,পৃথিবীতে মাথা খাটিয়ে খুশি অর্জন,5
261,আর সেটা কারো লালন পালন করে পৃথকভাবে স্বপ্ন দেখার কারণেও হতে পারে।,positive,কারো লালন পালন পৃথকভাবে স্বপ্ন দেখার কারণেও,7
262,আমি দেবদাসের মতো এমন একটি ছেলের জন্ম দিতে চাই যে মহান প্রেমিক হবে!,positive,দেবদাসের ছেলের জন্ম চাই মহান প্রেমিক,6
263,হায় খোদা! এ তো চোখই খুলে নি! কি যে হলো?,negative,হায় খোদা চোখই খুলে নি,5
264,কে এই শিশুটিকে বাচাবে!,negative,শিশুটিকে বাচাবে,2
265,এই পোলাডাটা তো টেন্ডুলকারের শক্ত ক্রিকেট ব্যাটের মতো দেখতে,positive,পোলাডাটা টেন্ডুলকারের শক্ত ক্রিকেট ব্যাটের,5
266,তাঁর জন্ম থেকেই আমি তাকে দেখছি।,positive,জন্ম দেখছি,2
267,সে শোবার ঘরে ডিম লাইটের মতো!,positive,শোবার ঘরে ডিম লাইটের,4
268,এখানে কি সব রেখেছিস? যেটা রাখার কথা সেটা রাখ!,negative,রেখেছিস যেটা রাখার রাখ,4
269,স্বাস্থ্য সমস্যা জন্ম থেকেই লেগে আছে। বড় ডাক্তারের কাছে নিয়ে যাই?,negative,স্বাস্থ্য সমস্যা জন্ম লেগে বড় ডাক্তারের যাই,7
270,"ঠিক আছে, আগামীকাল সকালে নিয়ে যাব।",positive,আগামীকাল সকালে যাব,3
271,"যদি কোন মহিলা গর্ভকালে বেশি মদ পান করে ফেলে, তবে সেই শিশু এই ব্যাধি নিয়ে জন্মগ্রহণ করে।",negative,মহিলা গর্ভকালে মদ পান ফেলে শিশু ব্যাধি জন্মগ্রহণ,8
272,আমার স্ত্রী মদ খায় না।,positive,স্ত্রী মদ খায়,3
273,আমাদের পরিবারের কারোরই এই অভ্যাস নেই।,positive,পরিবারের কারোরই অভ্যাস,3
274,তবে আপনার ছেলের লক্ষণগুলি অবশ্যই ভ্রূণ অ্যালকোহল ডিসর্ডারের।,negative,ছেলের লক্ষণগুলি অবশ্যই ভ্রূণ অ্যালকোহল ডিসর্ডারের,6
275,এই শিশুরা পরবর্তিতে নিজেরদের দৃষ্টিশক্তি হারিয়ে ফেলতে পারে,negative,শিশুরা পরবর্তিতে নিজেরদের দৃষ্টিশক্তি হারিয়ে ফেলতে,6
276,"অবশেষে, স্নায়ুতন্ত্র দুর্বল হয়ে পড়ে এবং নাড়ির গতি দুর্বল হয়ে যায়। এই কারণেই মনে হয় শিশু এখনো প্রাথমিক পর্যায়েই আছে।",negative,অবশেষে স্নায়ুতন্ত্র দুর্বল পড়ে নাড়ির গতি দুর্বল কারণেই শিশু এখনো পর্যায়েই,11
277,ভ্রূণ অ্যালকোহলিক ব্যাধির কোন চিকিৎসা নেই,negative,ভ্রূণ অ্যালকোহলিক ব্যাধির চিকিৎসা,4
278,তবে আপনারা ভাগ্যবান।,positive,আপনারা ভাগ্যবান,2
279,কারো কারো কাছে এটি একটি আসক্তি।,negative,কারো কারো আসক্তি,3
280,"যদি সে একটি ডোজও বাদ দেয়, এটি তাঁর পক্ষে মারাত্মক হতে পারে।",negative,ডোজও বাদ মারাত্মক,3
281,বসো বসো বসো তোমরা সবাই শোন। জেলা শিক্ষা কর্মকর্তা (ডিইও) এখানে একটি পরিদর্শন জন্য আসছে।,positive,বসো বসো বসো তোমরা সবাই শোন জেলা শিক্ষা কর্মকর্তা ডিইও পরিদর্শন আসছে,12
282,হায় খোদা! আমি তোকে অনুরোধ করছি পিছে গিয়ে বস।,negative,হায় খোদা তোকে অনুরোধ করছি পিছে বস,7
283,"সুপ্রভাত স্যার, সুপ্রভাত.",positive,সুপ্রভাত স্যার সুপ্রভাত,3
284,যান!! বের হোন!,negative,বের হোন,2
285,"আর লিখতে থাকো! আমার পরীক্ষা শেষ, স্যার!",positive,লিখতে থাকো পরীক্ষা শেষ স্যার,5
286,"যে কেউ দয়া করে, দয়া করে আমার ছেলেকে বাঁচান ",negative,দয়া দয়া ছেলেকে বাঁচান,4
287,ওই! তুই আমাদের পক্ষে থেকে আমাদের লোকদের মারছিস কেন?,negative,তুই লোকদের মারছিস,3
288,তুই কী জানিস আমরা কেন তাকে পিটাচ্ছি?,negative,তুই জানিস পিটাচ্ছি,3
289,তিনি মারাত্নক মদ্যপানকারী।,negative,মারাত্নক মদ্যপানকারী,2
290,ধন্যবাদ ভাই,positive,ধন্যবাদ ভাই,2
291,সব কিছুর একটা সীমা আছে।,negative,কিছুর সীমা,2
292,কি দারুন. আপনি সব পর্যায়ে 90% অর্জন করেছেন।,positive,দারুন পর্যায়ে অর্জন,3
293,তিনি একজন ভাগ্যবান লোক,positive,একজন ভাগ্যবান লোক,3
294,"আপনি দারুণ, দুর্দান্ত।",positive,দারুণ দুর্দান্ত,2
295,আপনি কেমন আছেন?আপনি আমাকে কিভাবে চিনেন?,positive,কেমন আছেন কিভাবে চিনেন,4
296,আপনি সত্যিই মহান,positive,সত্যিই মহান,2
297,এটা সমাজ সচেতনতার জন্য করা সমাজসেবা মাত্র!,positive,সমাজ সচেতনতার সমাজসেবা,3
298,"আপনার সাথে কথা বলে খুব ভাল লাগলো,বিদায়।",positive,ভাল লাগলো বিদায়,3
299,কি ব্যাপার বন্ধু! তারার দিকে তাকিয়ে নিজেই মনে মনে হেসে চলেছিস?,positive,ব্যাপার বন্ধু তারার তাকিয়ে হেসে চলেছিস,6
300,যেহেতু সেই মেয়ে তোকে প্রশংসা করেছে,positive,যেহেতু মেয়ে তোকে প্রশংসা,4
301,আমি নিশ্চিত সে অবশ্যই সেই ভিডিওটি ফেসবুকে শেয়ার করেছে।,positive,নিশ্চিত অবশ্যই ভিডিওটি ফেসবুকে শেয়ার,5
302,"কারখানা থেকে বর্জ্য নির্গত হওয়ার কারণে,  মানুষেরগুরুতর স্বাস্থ্য সমস্যা দেখা দিচ্ছে।",negative,কারখানা বর্জ্য নির্গত হওয়ার কারণে মানুষেরগুরুতর স্বাস্থ্য সমস্যা দিচ্ছে,9
303,তার অভিনব সৌন্দর্য তো আছেই পাশাপাশি খুব সুন্দর একটা মনও আছে,positive,অভিনব সৌন্দর্য আছেই পাশাপাশি সুন্দর মনও,6
304,আজকাল ছেলেদের চেয়ে মেয়েরা সব দিক থেকে এগিয়ে থাকে।,positive,আজকাল ছেলেদের চেয়ে মেয়েরা দিক এগিয়ে,6
305,খুব শীঘ্রই তুমি একটা চাকরি পেয়ে যাবে চিন্তা করো না।,positive,শীঘ্রই চাকরি পেয়ে চিন্তা,4
306,তাহলে একে অপরের সাথে সরাসরি কথা বলতে পারতিস।,positive,অপরের সরাসরি পারতিস,3
307,অনেক রাত হয়ে তাই হয়ত চলে গেছে। সম্ভবত সে সকালে তার নাম্বার দেবে।,positive,রাত হয়ত সম্ভবত সকালে নাম্বার দেবে,6
308,শালা হারামজাদা!,negative,শালা হারামজাদা,2
309,"তোর বোকা বুদ্ধিতে সব নষ্ট হয়ে গেলো। শালা,গাধা!",negative,তোর বোকা বুদ্ধিতে নষ্ট গেলো শালা গাধা,7
310,আমাকে লাথি মারলি কেন?,negative,লাথি মারলি,2
311,আমার নাম রাজা,positive,নাম রাজা,2
312,আমি অনেক মায়েদের দেখেছি যারা বাচ্চাদের জন্য চা কফি বানিয়ে দেয়,positive,মায়েদের দেখেছি বাচ্চাদের চা কফি বানিয়ে দেয়,7
313,আমার ছেলে অবশ্যই এটি গ্রহণ করবে। সে পারবে,positive,ছেলে অবশ্যই গ্রহণ পারবে,4
314,কোন কাজই ছোট না। সে যে কাজই হোক না কেন!,positive,কাজই ছোট কাজই,3
315,আমার মনে হচ্ছে তুমি নিজের কাজে মনোযোগ দিতে সমস্যার সম্মুখীন হচ্ছো!,negative,মনোযোগ সমস্যার সম্মুখীন হচ্ছো,4
316,সর এখান থেকে।,negative,সর এখান,2
317,তিনি এখানে আমাদের দোকানে কাজ করতে এসেছেন।,positive,দোকানে এসেছেন,2
318,তোর এত সমস্যা কেন? তোর যা ইচ্ছা তা করতে পারিস।,negative,তোর সমস্যা তোর ইচ্ছা পারিস,5
319,তোর এসব নাটক বন্ধ কর। তুই এই সমস্ত গোলযোগের কারণ।,negative,তোর এসব নাটক বন্ধ কর তুই গোলযোগের,7
320,আমার এক কলেজ বন্ধু সেখানে থাকে।,positive,এক কলেজ বন্ধু,3
321,তারা সামাজিক মর্যাদা আর শ্রদ্ধার আদর্শ মডেল।,positive,সামাজিক মর্যাদা শ্রদ্ধার আদর্শ মডেল,5
322,তারা বাড়ির চারপাশে ফুল গাছ লাগিয়েছে।,positive,বাড়ির চারপাশে ফুল গাছ লাগিয়েছে,5
323,তখন তোমার প্রেমের গল্প শুরু হওয়ার আগেই শেষ হয়ে যাবে।,negative,প্রেমের গল্প হওয়ার শেষ,4
324,কি দারুন! এমন সুন্দর বাড়ি!,positive,দারুন সুন্দর বাড়ি,3
325,সেটা দেখে আমি মুগ্ধ। ধন্যবাদ স্যার।,positive,মুগ্ধ ধন্যবাদ স্যার,3
326,এই ন্যূনতম সামাজিক দায়বদ্ধতা এই বয়সের লোকদের থাকা দরকার।,positive,ন্যূনতম সামাজিক দায়বদ্ধতা বয়সের লোকদের দরকার,6
327,উহু!! পিঠে ব্যাথা,negative,উহু পিঠে ব্যাথা,3
328,তোমার না পিঠে ব্যাথা হয়েছিল? ,negative,পিঠে ব্যাথা হয়েছিল,3
329,ব্যথায় চিৎকার,negative,ব্যথায় চিৎকার,2
330,"বাহ, কী সুন্দর অভিনয়।",positive,বাহ সুন্দর অভিনয়,3
331,এটা বেশ সুন্দর,positive,সুন্দর,1
332,এই মেয়েটিকে দেখতে খুব সুন্দর লাগছে।,positive,মেয়েটিকে সুন্দর লাগছে,3
333,এই মেয়েটিকে দেখতে খুব সুন্দর লাগছে।,positive,মেয়েটিকে সুন্দর লাগছে,3
334,আমার মনে হয় না সে সন্ধ্যা অবধি বেঁচে থাকতে পারবে।,negative,সন্ধ্যা বেঁচে থাকতে পারবে,4
335,সে যদি তার আগে মারা যায়?,negative,মারা যায়,2
336,চুপ থাকো তুমি।,negative,চুপ থাকো,2
337,বেঁচে আছে এতেই আমি আনন্দিত।,positive,বেঁচে এতেই আনন্দিত,3
338,আমরা ভাগ্যবান ছিলাম।,positive,ভাগ্যবান ছিলাম,2
339,তুমি কাকে হত্যা করার চেষ্টা করেছিলে?,negative,কাকে হত্যা করেছিলে,3
340,কে সেই শালা?,negative,শালা,1
341,আমি তাকে হত্যা করতে যাচ্ছি।,negative,হত্যা যাচ্ছি,2
342,আমরা সেখানে একটি দুর্দান্ত পার্টি করব।,positive,দুর্দান্ত পার্টি করব,3
343,আমি তোমার শার্টের রঙ পছন্দ করি না।,positive,শার্টের রঙ পছন্দ,3
344,দারুণ ভাই,positive,দারুণ ভাই,2
345,পাগলের মত হাসছিস কেন?,negative,পাগলের মত হাসছিস,3
346,"তার পোশাক দেখে,আমরা বলতে পারি সে পাগল।",positive,পোশাক পাগল,2
347,"আহ, আমার পিঠে ব্যাথা হচ্ছে। আমার পিঠ মনে হয় মচকে গেছে",negative,আহ পিঠে ব্যাথা পিঠ মচকে,5
348,তাকে ফোন করে বাড়িতে আসতে বল।,positive,ফোন বাড়িতে আসতে বল,4
349,আমার ভাই কিছুটা মারাত্মক ব্যাথায় আছেন।,negative,ভাই কিছুটা মারাত্মক ব্যাথায় আছেন,5
350,হায় ঈশ্বর!,negative,হায় ঈশ্বর,2
351,আমাদের ডাক্তারকে ফোন কর এবং তাকে বিষয়টা জানা।,positive,ডাক্তারকে ফোন কর বিষয়টা,4
352,"দেখুন, আমাদের ভাই কত কষ্টে আছেন।",negative,দেখুন ভাই কষ্টে আছেন,4
353,আমি ব্যথায় আছি।,negative,ব্যথায় আছি,2
354,না হলে তোর চামড়া খুলে ডুগডুগি বাজাবো।,negative,তোর চামড়া খুলে ডুগডুগি বাজাবো,5
355,"এই ডাক্তার আমাকে ভালোই সেবা করেছে। এখন, আমার পিঠে মচকে গেছে।",negative,ডাক্তার ভালোই সেবা পিঠে মচকে,5
356,চিৎকার করবি না।,negative,চিৎকার করবি,2
357,তাহলে কি বালটা করছিস! যা তাকে ডেকে নিয়ে আয়।,negative,বালটা করছিস ডেকে আয়,4
358,নাক থেকে রক্ত ​​ঝরছে কেন?,negative,নাক রক্ত ঝরছে,3
359,আমি যা বলছি তা কানে ঢুকছে না?,negative,বলছি কানে ঢুকছে,3
360,আমার ভাই খুব যন্ত্রণায় আছেন। দয়া করে তাকে সুস্থ করুন।,negative,ভাই যন্ত্রণায় আছেন দয়া সুস্থ করুন,6
361,আমি আর এই ব্যথা নিতে পারছি না।,negative,ব্যথা পারছি,2
362,"যদি আমি কখনও জানতে পারি, আমি তোকে সেখানেই হত্যা করব।",negative,তোকে সেখানেই হত্যা করব,4
363,তাকে মারছেন কেন?,negative,মারছেন,1
364,কি দারুন! ওয়াও!!,positive,দারুন ওয়াও,2
365,"তুমি আমার বন্ধু, আমি তোমাকে ভালবাসি।",positive,বন্ধু ভালবাসি,2
366,আমাদের একটা বড় পার্টি হবে।,positive,বড় পার্টি,2
367,তুমি তো দেখছি একজন বিজয়ী।,positive,দেখছি একজন বিজয়ী,3
368,দারুন! দারুণ!,positive,দারুন দারুণ,2
369,আমাদের জমকালো পার্টি হবে।,positive,জমকালো পার্টি,2
370,"আয়, চল দেখে আসি।",positive,আয় চল আসি,3
371,আমাকে আঘাত করার সাহস কিভাবে হয় তার?,negative,আঘাত সাহস কিভাবে,3
372,"শালা, মাতালের বাচ্চা!",negative,শালা মাতালের বাচ্চা,3
373,দুইজনের ভেতর সম্পর্ক বিশ্বাসের উপর টিকে থাকে,positive,দুইজনের ভেতর সম্পর্ক বিশ্বাসের টিকে,5
374,ওকে ছাড়ব না!,negative,ছাড়ব,1
375,"মা, বকবক করা বন্ধ কর।",negative,বকবক বন্ধ কর,3
376,আমার পায়ে খুব ব্যাথা হয়েছে।,negative,পায়ে ব্যাথা হয়েছে,3
377,"ওই, একপাশে সরে যাও।",negative,একপাশে সরে যাও,3
378,তোমার সমস্যা কি?,negative,সমস্যা,1
379,সত্য মানুষ তখনই লুকায় যখন সে বুঝতে পারে এটা বললে তার কাছের কেউ কষ্ট পাবে,positive,সত্য মানুষ তখনই লুকায় বুঝতে বললে কাছের কষ্ট পাবে,9
380,প্রতারক!,negative,প্রতারক,1
381,তুমি একটা প্রতারক,negative,প্রতারক,1
382,এমনকি বিশ্বের বড় বড় জালিমরা নিজেদের মহিলাদের সাথে সৎ ছিল।,positive,এমনকি বিশ্বের বড় বড় জালিমরা মহিলাদের সৎ,7
383,"গতকাল কেউ আমাকে মারধর করেছে,",negative,গতকাল মারধর,2
384,ঈশ্বর তোমার প্রতি সহায় হোক।,positive,ঈশ্বর সহায়,2
385,ঈশ্বর তোমার মঙ্গল করুক,positive,ঈশ্বর মঙ্গল করুক,3
386,আমি তোমায় ভালোবাসি,positive,তোমায় ভালোবাসি,2
387,আপনার মুখ সব ফুলে উঠেছে কেন? ওহ না! ভাইয়ের মুখ সব ফুলে গেছে।,negative,মুখ ফুলে উঠেছে ওহ ভাইয়ের মুখ ফুলে,7
388,তার আপনাকে মারার সাহস কী করে হয়?,negative,মারার সাহস,2
389,"তুমি তো জানো আমি প্রতি রাতে একজন করে অতিথি নিয়ে আসি বাড়িতে,তাই না?",positive,জানো রাতে একজন অতিথি আসি বাড়িতে,6
390,ঠিক ততটাই কষ্টকর!,negative,ততটাই কষ্টকর,2
391,তুই তোর সীমা অতিক্রম করছিস।,negative,তুই তোর সীমা অতিক্রম করছিস,5
392,"বড় ভাই, কোন উপায় নেই এই মানুষগুলোকে সংশোধন করার?",positive,বড় ভাই উপায় মানুষগুলোকে সংশোধন,5
393,সুপার! খুব সুন্দর!,positive,সুপার সুন্দর,2
394,দয়া করে তোমার প্রতি আমার ভালোবাসা বুঝতে চেষ্টা করো।,negative,দয়া ভালোবাসা বুঝতে,3
395,আমার বিশ্বাস তুমি এই বাজে অভ্যস ত্যাগ করবে।,positive,বিশ্বাস বাজে অভ্যস ত্যাগ,4
396,যদি আমরা মন দিয়ে কিছু করি তাহলে অসম্ভবকে সম্ভব করতে পারবো।,positive,মন দিয়ে অসম্ভবকে সম্ভব পারবো,5
397,ভিতরে যাও এখনি!,negative,ভিতরে যাও এখনি,3
398,কে নরম কে কঠিন তাতে কিছু যাই আসে না সবার জন্য একই চিকিৎসা পদ্ধতি।,positive,নরম কঠিন যাই আসে চিকিৎসা পদ্ধতি,6
399,আমি তোকে মারব।,negative,তোকে মারব,2
400,তার জন্য হাত তালি দাও। তোমাকে অনেক ধন্যবাদ!,positive,হাত তালি দাও ধন্যবাদ,4
401,"যদি এটা ঠিক হয়ে যায়,আমি সবচেয়ে সুখী ব্যক্তি হব।",positive,যায় সবচেয়ে সুখী ব্যক্তি হব,5
402,তুমি তোমার বাবার সাথে আবার নিজের প্রেমিকের সাথেও সৎ থাকছো।,positive,বাবার প্রেমিকের সাথেও সৎ থাকছো,5
403,শালা গাধা!,negative,শালা গাধা,2
404,শালা হারামজাদা!,negative,শালা হারামজাদা,2
405,যদি তুমি রাগান্বিত হয়ে তাকে হত্যা করো,negative,রাগান্বিত হত্যা,2
406,হে! আমাকে মারছো কেন?,negative,হে মারছো,2
407,তোমার আমার সাথে পুরো জীবন কাটানোর বিন্দুমাত্র ইচ্ছাও নেই।,positive,পুরো জীবন কাটানোর বিন্দুমাত্র ইচ্ছাও,5
408,আমি তোমাকে ঘৃণা করি,negative,ঘৃণা,1
409,সে আবার তোমাকে মেরেছে?,negative,মেরেছে,1
410,এমনকি মানুষের জন্মের পিছনেও কারণ আছে।,positive,এমনকি মানুষের জন্মের পিছনেও,4
411,কি দারুন! আপনাকে ধন্যবাদ!,positive,দারুন ধন্যবাদ,2
412,ছবিটা তোমার সামনে রেখে মনযোগ সহকারে দেখো,positive,ছবিটা মনযোগ সহকারে দেখো,4
413,আপনাকে ধন্যবাদ। আমি আপনাকে ভালোবাসি।,positive,ধন্যবাদ ভালোবাসি,2
414,আমার প্রাসাদে স্বাগতম।,positive,প্রাসাদে স্বাগতম,2
415,তোমাকে তো শিক্ষিত সাদা পোশাকধারী কর্মী মনে হয়।,positive,শিক্ষিত সাদা পোশাকধারী কর্মী,4
416,আমি অভিভূত ,positive,অভিভূত,1
417,আপনি এত সমৃদ্ধ জীবনযাপন করেন। আপনার জীবন সঙ্গী কোথায়?,positive,সমৃদ্ধ জীবনযাপন জীবন সঙ্গী কোথায়,5
418,আমি সে কারণে আকাশে চাদের খোঁজে তাকিয়েছি কিন্তু তারা ছাড়া কিছুই পাই নি।,positive,কারণে আকাশে চাদের খোঁজে তাকিয়েছি ছাড়া পাই নি,8
419,তিনি চাঁদের মতোই সুন্দরী।,positive,চাঁদের সুন্দরী,2
420,কি দারুন! সুপার! সে অনেক সুন্দরী!,positive,দারুন সুপার সুন্দরী,3
421,চুপ করে বাড়ি থেকে বেরিয়ে যাও!,negative,চুপ বাড়ি বেরিয়ে যাও,4
422,চলে যাও! যাও!,negative,যাও যাও,2
423,এটা তো খুব সুন্দর বাড়ি।,positive,সুন্দর বাড়ি,2
424,আমি আপনার কাছে তাকে বিয়ে করার অনুমতি চাই।,positive,বিয়ে অনুমতি চাই,3
425,আমি আপনার মেয়ের প্রেমে পড়েছি।,positive,মেয়ের প্রেমে পড়েছি,3
426,আমি তোমাকে খুন করব।,negative,খুন করব,2
427,কে তাকে মারল! উহু!,negative,মারল উহু,2
428,আপনি কি ভাবেন আমরা আপনাকে মারতে পারব না?,negative,ভাবেন মারতে পারব,3
429,"আমি তোমাকে অনুরোধ করছি, দয়া করে আমাকে ছাড়ো।",negative,অনুরোধ করছি দয়া ছাড়ো,4
430,ওহ খোদা! আমাকে বাঁচাও!,negative,ওহ খোদা বাঁচাও,3
431,এই মেয়েটার ধোলাই সহ্য করা কঠিন।,negative,মেয়েটার ধোলাই সহ্য কঠিন,4
432,আমি আপনার কাছে ভিক্ষা করছি,negative,ভিক্ষা করছি,2
433,চুপচাপ গাড়িতে উঠুন।,negative,চুপচাপ গাড়িতে উঠুন,3
434,আপনি পরে নিজেই বুঝতে পারবেন।,positive,বুঝতে পারবেন,2
435,যাও এবং এটা দ্রুত আনো।,negative,যাও দ্রুত আনো,3
436,পুলিশের সামনে তোমার সাহস কী করে হয় এটা করার?,negative,পুলিশের সাহস,2
437,শালাকে নিয়ে যা।,negative,শালাকে,1
438,দয়া করে তাকে মারবেন না।,negative,দয়া মারবেন,2
439,সে মারা যাবে স্যার।,negative,মারা স্যার,2
440,"স্যার, দয়া করে তাকে মারবেন না স্যার ...",negative,স্যার দয়া মারবেন স্যার,4
441," আপনি যদি একটি গাছ লাগান,এটি পুরো পরিবেশকে রক্ষা করে।",positive,গাছ লাগান পুরো পরিবেশকে রক্ষা,5
442,সবাইকে অভিবাদন,positive,সবাইকে অভিবাদন,2
443,আমি দশ কোটি টাকা অনুদান দিচ্ছি সবাইকে ,positive,দশ টাকা অনুদান দিচ্ছি সবাইকে,5
444,এই পুরস্কার বিতরণী অনুষ্ঠানের কারণ আপনি কাল বুঝতে পারবেন।,positive,পুরস্কার বিতরণী অনুষ্ঠানের কাল বুঝতে পারবেন,6
445,কোন আনুষ্ঠানিকতা করবেন না দয়া করে।,positive,আনুষ্ঠানিকতা দয়া,2
446,"আমি যদি বিয়ে করতে চাই, মহিলাদের কোন অভাব নেই।",positive,বিয়ে চাই মহিলাদের অভাব,4
447,"আমি যখন  তাকে দেখলাম,আমি তাৎক্ষণিকভাবে তাকে পছন্দ করে ফেললাম।",positive,দেখলাম তাৎক্ষণিকভাবে পছন্দ ফেললাম,4
448,আমি দিনের বেলায় যা করি সেটা হয়তো আপনারা ভুলে যান,positive,দিনের বেলায় হয়তো আপনারা ভুলে,5
449,আমরা একটা শুভদিন খুঁজে বের করে আপনাকে বিবাহের জন্য জানাবো।,positive,শুভদিন খুঁজে বের বিবাহের জানাবো,5
450,ধন্যবাদ আঙ্কেল ! আপনাকে অনেক ধন্যবাদ!,positive,ধন্যবাদ আঙ্কেল ধন্যবাদ,3
451,আমি যে মেয়েটির সাথে বিয়ে করতে চাই তার মনে কেবল আমারই থাকা উচিত।,positive,মেয়েটির বিয়ে চাই কেবল আমারই,5
452,তুই! কেন তুই এখানে এসেছিস?,negative,তুই তুই এসেছিস,3
453,আমাদের সবারও এটা পছন্দ।,positive,সবারও পছন্দ,2
454,আমি আমার কন্যার সাথে তোমার বিয়ে দিতে রাজি আছি।,positive,কন্যার বিয়ে রাজি আছি,4
455,পরাজিতদের এনে এটাকে প্রতিযোগিতার সৃষ্টি করবেন না,positive,পরাজিতদের এনে এটাকে প্রতিযোগিতার সৃষ্টি,5
456,তুমি কী জানো সে কতটা কষ্ট পেয়েছে?,negative,জানো কতটা কষ্ট পেয়েছে,4
457,"একদিন না খেলে তুমি কি মরে যাবে নাকি? হ্যাঁ, আমি মরে যাব।",negative,একদিন খেলে মরে হ্যাঁ মরে যাব,6
458,কেউ কথা বললে আমরা তাকে হত্যা করব।,negative,বললে হত্যা করব,3
459,"আমি তোমার কাছে ভিক্ষা চাইছি,সে তোমাকে খুব ভালবাসে।",negative,ভিক্ষা চাইছি ভালবাসে,3
460,সে তোমার জন্য নিজের জীবন ত্যাগ করতে রাজি আছে। দয়া করে বোঝার চেষ্টা করো!,positive,জীবন ত্যাগ রাজি দয়া বোঝার,5
461,"এখন, আমিই কেবল আপনাদের সাথেই রয়েছি।",positive,আমিই কেবল আপনাদের সাথেই রয়েছি,5
462,আশা করছি আপনারা অনুষ্ঠানটি উপভোগ করবেন।,positive,আশা করছি আপনারা অনুষ্ঠানটি উপভোগ,5
463,আমি কিছুদিন আগেই এক জ্যোতিষীর কাছে গিয়েছিলাম।,positive,কিছুদিন এক জ্যোতিষীর গিয়েছিলাম,4
464,"তিনি আমাকে বলেছেন, আমার প্রেমে পড়বার সম্ভাবনা রয়েছে",positive,প্রেমে পড়বার সম্ভাবনা রয়েছে,4
465,"মজার কোনো কাহিনী, আমি শোনার জন্য খুবই আগ্রহী!",positive,মজার কাহিনী শোনার খুবই আগ্রহী,5
466,তোমার চমৎকার বুদ্ধিমত্তার প্রশংসা করে আসছি,positive,চমৎকার বুদ্ধিমত্তার প্রশংসা আসছি,4
467,আর কত সময়? আমাদের অফিসে দেরী হচ্ছে।,positive,সময় অফিসে দেরী,3
468,দেরী হচ্ছে কেন?,negative,দেরী,1
469,এখানে বেশিক্ষণ থাকলে কান দিয়ে রক্ত পড়া শুরু করবে,negative,বেশিক্ষণ থাকলে কান দিয়ে রক্ত পড়া,6
470,ভিতরে ঢুকলি কেন রে?,negative,ভিতরে ঢুকলি রে,3
471,যা ভাগ!,negative,ভাগ,1
472,হায় ভগবান! ,negative,হায় ভগবান,2
473,তুমি সুপার!,positive,সুপার,1
474,পড়াশোনা বেশি করি নাই।করলে তাদের মতোই আমার চিন্তাভাবনা হতো,positive,পড়াশোনা চিন্তাভাবনা হতো,3
475,ভগবান তিনজন আজ মারা গেছে।,negative,ভগবান তিনজন মারা,3
476,তোর বাবার ঔষুধ এনেছিস?,negative,তোর বাবার ঔষুধ এনেছিস,4
477,আমাদের এক আত্মীয় মারা গেছে। তাকে কবরস্থানে নিয়ে যেতে হবে।,negative,এক আত্মীয় মারা কবরস্থানে,4
478,তাড়াতাড়ি যেয়ে তোর বাবার ঔষুধ আন।,negative,তাড়াতাড়ি যেয়ে তোর বাবার ঔষুধ আন,6
479,যেকোন সময় তো মরে যাবে।,negative,যেকোন সময় মরে,3
480,"মরতে চায়লে, মরতে দাও।",negative,মরতে চায়লে মরতে দাও,4
481,কতদিন আর বিছানায় শুয়ে কষ্ট ভোগ করবে?,negative,কতদিন বিছানায় শুয়ে কষ্ট ভোগ,5
482,বাজে কথা বলিস কেন বাবার সম্পর্কে?,negative,বাজে বলিস বাবার সম্পর্কে,4
483,লাশ একটা আমার জন্য অপেক্ষা করছে।,negative,লাশ অপেক্ষা,2
484,লাশ আবার কোথায় যাবে? মরে পড়েই থাকবে।,negative,লাশ কোথায় মরে পড়েই,4
485,ভগবান! জ্বালায়ো তো না আর।,negative,ভগবান জ্বালায়ো,2
486,গর্দভ কোথাকার!,negative,গর্দভ কোথাকার,2
487,পাগল হয়ে গেছিস?,negative,পাগল গেছিস,2
488,যা! অপদার্থ!,negative,অপদার্থ,1
489,চিৎকার করে কাদছে।,negative,চিৎকার কাদছে,2
490,দুঃখের বিষয়। ,negative,দুঃখের বিষয়,2
491,মৃত লোকটাকে দেখছেন না?,negative,মৃত লোকটাকে দেখছেন,3
492,অল্প বয়সেই স্বামীকে হারালো।,negative,অল্প বয়সেই স্বামীকে হারালো,4
493,সৎকারে এসে সবাই লাশ দেখে।,negative,সৎকারে সবাই লাশ,3
494,লাশের পাশে বসে কাদা মহিলা না।,negative,লাশের পাশে কাদা মহিলা,4
495,টাকা কেন চাচ্ছো?,negative,টাকা চাচ্ছো,2
496,তার স্বামী মারা গেছেন,negative,স্বামী মারা গেছেন,3
497,আমাদের একজন মারা গেছে কষ্টে আছি।,negative,একজন মারা কষ্টে আছি,4
498,আপনাকে অনেক পছন্দ করি।,positive,পছন্দ,1
499,"আপনি রাজি হলে, বিয়ে করতে চাই।",positive,রাজি বিয়ে চাই,3
500,আরে আবাল!,negative,আরে আবাল,2
501,আমাকে মারছেন কেন?,negative,মারছেন,1
502,রঙিন জীবন হয়ে গেছে শুরু মনটা উড়ে বেড়াচ্ছে মেঘের মতো ছোট একটা মাছ পানি থেকে লাফিয়ে উঠে দেখছে পৃথিবী আমার হৃদয়ও দেখতে পেয়েছে আমার পৃথিবী,positive,রঙিন জীবন মনটা উড়ে বেড়াচ্ছে মেঘের ছোট মাছ পানি লাফিয়ে উঠে দেখছে পৃথিবী হৃদয়ও পেয়েছে পৃথিবী,16
503,অপদার্থ একটা!,negative,অপদার্থ,1
504,চুপ কর!,negative,চুপ কর,2
505,স্বামী যেহেতু মারা গেছে।,negative,স্বামী যেহেতু মারা,3
506,কী ভাগ্য আমার!,negative,ভাগ্য,1
507,এক বিধবা বসে আছে স্বামীর শোকে আর এক ব্যভিচারী আসছে নিতে।,negative,এক বিধবা স্বামীর শোকে এক ব্যভিচারী আসছে,7
508,লোকেদের কাঁদতে দেখে শোক আর কান্না ঝাঁকুনি দেয়।,negative,লোকেদের কাঁদতে শোক কান্না ঝাঁকুনি,5
509,মেয়েটাকে যখন কাদতে দেখলাম হাতের পশমগুলো দাড়িয়ে গেলো,negative,মেয়েটাকে কাদতে দেখলাম হাতের পশমগুলো দাড়িয়ে গেলো,7
510,চুপ কর! অসভ্য।,negative,চুপ কর অসভ্য,3
511,মেয়েটা কষ্টে আছে।,negative,মেয়েটা কষ্টে,2
512,আজ সে আমাদের মাঝে নেই বিষয়টা খুবই কষ্টের।,negative,মাঝে বিষয়টা খুবই কষ্টের,4
513,বাবা-মাকে প্রভু এই বিশাল কষ্ট থেকে রক্ষা করুন,negative,বাবা মাকে প্রভু বিশাল কষ্ট রক্ষা করুন,7
514,দেখতে কত সুন্দর!,positive,সুন্দর,1
515,সর্বদা আমাদের হৃদয়ে বেঁচে থাকবে,positive,সর্বদা হৃদয়ে বেঁচে,3
516,তোমাকে মিস করব,negative,মিস করব,2
517,কত সুন্দর কথা বলে!,positive,সুন্দর,1
518,শালা! থাম।,negative,শালা থাম,2
519,কথা বলার সুযোগ পেয়ে অনেক খুশি,positive,বলার সুযোগ পেয়ে খুশি,4
520,রাস্তায় একটা বেওয়ারিশ লাশ খুঁজে পেয়েছিলাম,negative,রাস্তায় বেওয়ারিশ লাশ খুঁজে পেয়েছিলাম,5
521,আমাদের নিয়ে সন্দেহ করার তুই কে?,negative,সন্দেহ তুই,2
522,ঈশ্বরের কৃপায় ভালো অভিনয় করার এটাই ভালো সুযোগ,positive,ঈশ্বরের কৃপায় ভালো অভিনয় ভালো সুযোগ,6
523,অনেক ধূমপানের কারণে হয়তো মারা গেছে।,negative,ধূমপানের কারণে হয়তো মারা,4
524,"লাশ থেকে রোগ ছড়াতে পারে। এই, এবার সত্যিকারেই মারা যাবো।",negative,লাশ রোগ ছড়াতে সত্যিকারেই মারা যাবো,6
525,বেহুদা পোলাপান! থাম!,negative,বেহুদা পোলাপান থাম,3
526,বিয়ে করে তাকে সুন্দর একটা জীবন দিতে চাওয়াটা প্রশংসনীয়,positive,বিয়ে সুন্দর জীবন চাওয়াটা প্রশংসনীয়,5
527,কী চমৎকার জুটি!,positive,চমৎকার জুটি,2
528,আত্মা পৌঁছানোর জন্য দেহের মৃত্যু ঘটে,negative,আত্মা পৌঁছানোর দেহের মৃত্যু ঘটে,5
529,চুপ! চুপ! চিৎকার করিও না।,negative,চুপ চুপ চিৎকার করিও,4
530,মনে হচ্ছে মেয়েটা ভয়াবহ যন্ত্রণায় আছে।,negative,মেয়েটা ভয়াবহ যন্ত্রণায়,3
531,অনেকজন কাঁদছিল,negative,অনেকজন কাঁদছিল,2
532,"তাদের কান্না দেখিনি, শুধু তোমার কান্না দেখতে পারি।",negative,কান্না দেখিনি কান্না,3
533,স্বামীহারা স্ত্রী সৎকারে কাঁদছে,negative,স্বামীহারা স্ত্রী সৎকারে কাঁদছে,4
534,তোমাকে দেখা মাত্রই প্রেমে পড়ে গেছি।,positive,মাত্রই প্রেমে পড়ে গেছি,4
535,ওহ মিষ্টি মেয়ে! ,positive,ওহ মিষ্টি মেয়ে,3
536,তোর ছেলে মারা গেছে।,negative,তোর ছেলে মারা,3
537,মায়ের তোমার রক্ত লাগবে।,negative,মায়ের রক্ত লাগবে,3
538,কান্ডজ্ঞান বলতে কিছুই নেই?,negative,কান্ডজ্ঞান,1
539,তোমাকে মেরে ফেলবো।,negative,মেরে ফেলবো,2
540,তাকিয়ে আছিস কেন?,negative,তাকিয়ে আছিস,2
541,ছেলেকে হারিয়েছি তাই শোক করছিলাম,negative,ছেলেকে হারিয়েছি শোক করছিলাম,4
542,ফোনের ছবিটা ছিল কল্পনা মাত্র।,positive,ফোনের ছবিটা কল্পনা,3
543,আমাকে মারছ কেন?,negative,মারছ,1
544,সে মারা যাবে!,negative,মারা,1
545,খারাপ লাগছে রে।,negative,খারাপ লাগছে রে,3
546,ভেতরে কেমন যেন খালি খালি লাগছে,negative,ভেতরে কেমন খালি খালি লাগছে,5
547,আমার জীবনে শান্তি নাই।,negative,জীবনে শান্তি,2
548,রাতে ঘুমাতে পারছি না।,negative,রাতে ঘুমাতে পারছি,3
549,"স্বামীর মৃত্যুর অনেকদিন হলো, কিন্তু এখনও শোক পালন করছে",negative,স্বামীর মৃত্যুর অনেকদিন শোক পালন,5
550,তুমি দুঃখি হয়ে পড়েছ,negative,দুঃখি পড়েছ,2
551,"যবে থেকে তুই মরেছিস, এক ফোঁটা পানিও খায়নি।",negative,যবে তুই মরেছিস এক ফোঁটা পানিও খায়নি,7
552,কাঁদছ কেন?,negative,কাঁদছ,1
553,সে মারা গেছে ,negative,মারা,1
554,বেরিয়ে যা!,negative,বেরিয়ে,1
555,কুত্তার বাচ্চা!,negative,কুত্তার বাচ্চা,2
556,আমার বাড়িতে ঢোকার সাহস কীভাবে হয়?,negative,বাড়িতে ঢোকার সাহস কীভাবে,4
557,আমার ছেলেকে কেন মারছেন?,negative,ছেলেকে মারছেন,2
558,দয়া করুন।,negative,দয়া করুন,2
559,আদব-কায়দা শিখাননি বিধায় এমন পথে চলে গেছে।,positive,আদব কায়দা শিখাননি বিধায় পথে,5
560,আবাল কোথাকার!,negative,আবাল কোথাকার,2
561,এই! শালা বাইনচোদ!,negative,শালা বাইনচোদ,2
562,"বসতে পারবোনা, চাইলে আপনি দাঁড়াতে পারেন।",positive,বসতে পারবোনা চাইলে দাঁড়াতে,4
563,তার কষ্ট কি আমার কষ্ট না?,negative,কষ্ট কষ্ট,2
564,দয়া কর! সে প্রচন্ড শোকে কাতর।,negative,দয়া কর প্রচন্ড শোকে কাতর,5
565," চুপ কর, বড়দের সন্মান দিয়ে কথা বল।",negative,চুপ কর বড়দের সন্মান দিয়ে বল,6
566,নৈতিকতা সম্পর্কে কথা বলার যোগ্য তুমি না!,positive,নৈতিকতা সম্পর্কে বলার যোগ্য,4
567,পুলিশ আমাকে অনেক মেরেছে।,negative,পুলিশ মেরেছে,2
568,তোমাকে ছাড়া থাকতে পারবো না।,negative,থাকতে পারবো,2
569,আর কতদিন তার শোকে কাদবে? কাদলে ফিরে আসবে?,negative,কতদিন শোকে কাদবে কাদলে আসবে,5
570,আমাদের জীবন মিথ্যা ছাড়া কিছুই না।,positive,জীবন মিথ্যা,2
571,তোমার স্বামী যে পথে চলে গেছে সেটা মৃত্যু যেটা চিরন্তন সত্য,negative,স্বামী পথে মৃত্যু যেটা চিরন্তন সত্য,6
572,সত্যকে গ্রহণ করতে হেরে গেলে তখন মিথ্যার আশ্রয় নিই।,positive,সত্যকে গ্রহণ হেরে মিথ্যার আশ্রয় নিই,6
573,"কেউ মারা গেলে, তার জন্য দু'একদিন শোক করে",negative,মারা একদিন শোক,3
574,তার বিরহে কাতর হয়ে আছো।,negative,বিরহে কাতর আছো,3
575,ছি! চুপ থাকো!,negative,ছি চুপ থাকো,3
576,যখন একজন মা তার সন্তানকে মৃত দেখে,negative,একজন সন্তানকে মৃত,3
577,সবাই কঠিন পরিস্থিতির শিকার হয়,negative,সবাই কঠিন পরিস্থিতির শিকার,4
578,শিশুর জন্মে আনন্দের হাসি থাকে,positive,শিশুর জন্মে আনন্দের হাসি,4
579,চোখের জ্বলের পিছনে থাকা কষ্ট তুমি বুঝবে না।,negative,চোখের জ্বলের পিছনে কষ্ট বুঝবে,5
580,"তোমার সব কাজ মৃতদেহ নিয়ে, তাই কখনো মৃত্যুকে সম্মান করোনা",negative,মৃতদেহ কখনো মৃত্যুকে সম্মান করোনা,5
581,মরলে লাশ হয়ে আসবো।,negative,মরলে লাশ আসবো,3
582,এখন খুশি তো?,positive,খুশি,1
583,"যখন মারা যাবে,তখন আমিই তোমার লাশ নিয়ে যাবো",negative,মারা আমিই তোমার লাশ যাবো,5
584,তুমি দিবাস্বপ্ন দেখতে থাকো।,positive,দিবাস্বপ্ন থাকো,2
585,তাকে সহ্য করতে না পেরে মারা গিয়েছ,negative,সহ্য পেরে মারা গিয়েছ,4
586,আমার অনেক ধৈর্য আছে।,positive,ধৈর্য,1
587,আমার আর শ্মশানের মৃতদেহের মাঝে কোনো পার্থক্য নেই,negative,শ্মশানের মৃতদেহের মাঝে পার্থক্য,4
588,তোমাকে জড়িয়ে ধরে কান্না করে,negative,জড়িয়ে কান্না,2
589,আমার কাছে তোমার আশীর্বাদ আছে।,positive,তোমার আশীর্বাদ,2
590,কাল তোমার জন্মদিন,positive,কাল জন্মদিন,2
591,বন্ধুদের সাথে এসে জন্মদিন পালন করবো,positive,বন্ধুদের জন্মদিন পালন করবো,4
592,অনেক মজা করবো,positive,মজা করবো,2
593,তোর বাপও তোর জন্য গর্বিত,positive,তোর বাপও তোর গর্বিত,4
594,সুখি জন্মদিন কামনা করছি,positive,সুখি জন্মদিন কামনা করছি,4
595,তুই! তুই তাকে মেরেছিস?,negative,তুই তুই মেরেছিস,3
596,রেগে গিয়ে চড় মারবে?,negative,রেগে চড় মারবে,3
597,বাজে কথা বলবি না।,negative,বাজে বলবি,2
598,তোকে আবার দেখলে সত্যিই মেরে ফেলবো।,negative,তোকে দেখলে সত্যিই মেরে ফেলবো,5
599,মহিলা আর পুরুষ একসাথে থাকলেই তাদের মধ্যে সম্পর্ক আছে,positive,মহিলা পুরুষ একসাথে থাকলেই সম্পর্ক,5
600,তাকে নিয়ে গৌরব করি।,positive,গৌরব,1
601,কোনও মেয়ের মন জয় করার জন্য তাকে প্রথমে বুঝতে চেষ্টা করতে হয়,positive,মেয়ের মন জয় প্রথমে বুঝতে,5
602,প্রতিদিন ঘুম থেকে উঠে বাজারে যাই,positive,প্রতিদিন ঘুম উঠে বাজারে যাই,5
603,প্লিজ কষ্ট পেয়ো না,negative,প্লিজ কষ্ট পেয়ো,3
604,এই যন্ত্রণা শুধু তারাই বুঝবে যারা মুখোমুখি হয়েছে,negative,যন্ত্রণা তারাই বুঝবে মুখোমুখি হয়েছে,5
605,মা তার সন্তানকে আঘাত করলে সন্তানও কষ্ট পায়,negative,সন্তানকে আঘাত সন্তানও কষ্ট পায়,5
606,তার সাথে থাকলে অবশ্যই সুখি থাকতাম,positive,থাকলে অবশ্যই সুখি থাকতাম,4
607,আমার জন্য বড় দুঃখ বয়ে আনবে,negative,বড় দুঃখ বয়ে আনবে,4
608,সকালে গিয়ে তার সাথে কথা বলবো।,positive,সকালে বলবো,2
609,আসল কথায় আসা যাক,positive,আসল কথায় আসা যাক,4
610,বিশ্বাস বা শপথ প্রার্থনার মাধ্যমে আসে না,positive,বিশ্বাস শপথ প্রার্থনার আসে,4
611,সে আনন্দে ভেসে যেতো।,positive,আনন্দে ভেসে যেতো,3
612,দাঁত দেখানো বন্ধ কর,negative,দাঁত দেখানো বন্ধ কর,4
613,"ওয়াও! মধুপুরের মিষ্টি, বিশ্বের সেরা মিষ্টি!",positive,ওয়াও মধুপুরের মিষ্টি বিশ্বের সেরা মিষ্টি,6
614,"ছেলে খুব সুন্দর, নম্র ভদ্র",positive,ছেলে সুন্দর নম্র ভদ্র,4
615,পুনামের মা বাবা নেই,negative,পুনামের বাবা,2
616,প্রতিটি মানুষ জীবনে কিছু অর্জন করতে হলে প্রেরণার প্রয়োজন।,positive,প্রতিটি মানুষ জীবনে অর্জন প্রেরণার প্রয়োজন,6
617,খুব ভালো লাগছে,positive,ভালো লাগছে,2
618,গিফট পছন্দ হয়েছে,positive,গিফট পছন্দ,2
619,আমরা একটি সাধারণ জীবনযাপন করি,positive,জীবনযাপন,1
620,মনটা ভরে গেলো কতটা ভালো হয়েছে,positive,মনটা ভরে গেলো কতটা ভালো,5
621,"ওয়াও! সাবাস, আপনি জিতেছেন",positive,ওয়াও সাবাস জিতেছেন,3
622,"আমি আপনার সম্পর্কে জানি, এইজন্য দৃঢ় বিশ্বাসের সাথে বলতে পারি",positive,সম্পর্কে জানি এইজন্য দৃঢ় বিশ্বাসের,5
623,তোকে একটা খুশির খবর দিতে চাই,positive,তোকে খুশির খবর চাই,4
624,অভিনন্দন,positive,অভিনন্দন,1
625,"তুমি যখন চলে যাবে, তোমাকে খুব মিস করবে",negative,মিস,1
626,আপনাকে অনেক অনেক শুভেচ্ছা!,positive,শুভেচ্ছা,1
627,আজ বাড়িতে পার্টি রেখেছে,positive,বাড়িতে পার্টি রেখেছে,3
628,রোগীর শরীর বাজে ভাবে পুড়ে গেছে,negative,রোগীর শরীর বাজে পুড়ে,4
629,হাঁটুর ব্যাথা কী আবার বেড়ে গেছে?,negative,হাঁটুর ব্যাথা বেড়ে,3
630,বাবা মারা গেছে তার মারা যাওয়াতে আমি দুঃখিত,negative,বাবা মারা মারা যাওয়াতে দুঃখিত,5
631,"জানো, আমি ভালোবাসা দিবসে গিফট পেয়েছিলাম।",positive,জানো ভালোবাসা দিবসে গিফট পেয়েছিলাম,5
632,ওয়াও! আমার বাচ্চা অসাধারণ,positive,ওয়াও বাচ্চা অসাধারণ,3
633,তোমারা কলেজে মধ্যে শর্ট স্কার্ট পরে ছেলেদের উত্তেজিত করার চেষ্টা করো,positive,তোমারা কলেজে শর্ট স্কার্ট ছেলেদের উত্তেজিত,6
634,তোমাকে অনেক ভালবাসতাম।,positive,ভালবাসতাম,1
635,দেখলেই অসহ্য লাগে,negative,দেখলেই অসহ্য লাগে,3
636,আমাকে মারার সাহস কীভাবে হয়?,negative,মারার সাহস কীভাবে,3
637,কী দেখেছিস তুই?,negative,দেখেছিস তুই,2
638,আমাকে পছন্দ করে,positive,পছন্দ,1
639,তাকে নিয়ে গৌরব করি।,positive,গৌরব,1
640,"তাকে বিয়ে করতে বলেছিল, নিজের মত দেখবেও পরিবারকে বলেছিল",positive,বিয়ে বলেছিল মত দেখবেও পরিবারকে বলেছিল,6
641,ভালো বন্ধু হিসেবেই রয়ে গেলো।,positive,ভালো বন্ধু হিসেবেই রয়ে গেলো,5
642,"আচ্ছা, বেশি চিন্তা করো না।",positive,আচ্ছা চিন্তা,2
643,বিয়ের দাওয়াত দিতে এসেছি।,positive,বিয়ের দাওয়াত এসেছি,3
644,অনেক ভালো সংবাদ। খুব খুশির।,positive,ভালো সংবাদ খুশির,3
645,খুব ভালো। ভগবান তোমার মঙ্গল করুক।,positive,ভালো ভগবান মঙ্গল করুক,4
646,বিয়ে করছি বললাম যাতে আপনাকে খুশি দেখতে পারি,positive,বিয়ে করছি বললাম খুশি,4
647,তোমার বাবা মারা গেছে কতদিন হয়েছে?,negative,বাবা মারা কতদিন হয়েছে,4
648,খুব ভাল! চমৎকার!,positive,ভাল চমৎকার,2
649,আসতে চাইলে এসে আশীর্বাদ দিয়ে যেয়েন।,positive,আসতে চাইলে আশীর্বাদ দিয়ে যেয়েন,5
650,রান্নাঘরে খাবার আছে।,positive,রান্নাঘরে খাবার,2
651,"নিজে যেয়ে খা, মাতাল হাদারাম!",negative,যেয়ে খা মাতাল হাদারাম,4
652,তোমাকে বরবাদ করে দিয়েছি।,negative,বরবাদ দিয়েছি,2
653,"তোমাকে এই বিষয়ে বলেছিল, তাই না?",positive,বিষয়ে বলেছিল,2
654,তোমার স্ত্রী আমাদের জন্য তাদের ভালবাসা বিসর্জন করতে চেয়েছিলো।,positive,স্ত্রী ভালবাসা বিসর্জন চেয়েছিলো,4
655,"কথা তো বলতে পারবে না, তোমার পক্ষে আমিই কথা বলছি।",positive,পারবে আমিই বলছি,3
656,ঘুমিয়ে পড়ো। আমারও ঘুম আসছে।,positive,ঘুমিয়ে পড়ো আমারও ঘুম আসছে,5
657,এত বিরক্ত কেন করো?,negative,বিরক্ত,1
658,ভাইয়ের মৃত্যু তোমাকে অনেকে কষ্ট দিয়েছে,negative,ভাইয়ের মৃত্যু কষ্ট দিয়েছে,4
659,আমিও কষ্ট পেয়েছি,negative,আমিও কষ্ট পেয়েছি,3
660,মা খুশি হবে,positive,খুশি,1
661,৫ বছরের কেউ মেয়ের পিছনে ঘুরলে তার উদ্দেশ্য অন্যরকম,positive,৫ বছরের মেয়ের পিছনে ঘুরলে উদ্দেশ্য অন্যরকম,7
662,আমাদের অতীত আমাদের স্মৃতিতে থাকলে ভাল হতো।,positive,অতীত স্মৃতিতে থাকলে ভাল হতো,5
663,সেই স্মৃতিকে জীবন ভাবলে সামনে এগোতে পারবো না,positive,স্মৃতিকে জীবন ভাবলে এগোতে পারবো,5
664,একটা স্কুল পড়ুয়া ছেলে স্কুলে একটা মেয়ের প্রেমে পড়তে পারে।,positive,স্কুল পড়ুয়া ছেলে স্কুলে মেয়ের প্রেমে পড়তে,7
665,আমাদের জীবন মিথ্যা ছাড়া কিছুই না,positive,জীবন মিথ্যা,2
666,তোমার স্বামী যে পথে চলে গেছে সেটা মৃত্যু যেটা চিরন্তন সত্য,negative,স্বামী পথে মৃত্যু যেটা চিরন্তন সত্য,6
667,চ্যানেল চালু করে শক্তিমান প্রোগ্রাম দেখাতে পারেন।,positive,চ্যানেল শক্তিমান প্রোগ্রাম দেখাতে,4
668,মজা করছিলাম,positive,মজা করছিলাম,2
669,জানি আমার দিকে তাকাচ্ছিলে,positive,জানি তাকাচ্ছিলে,2
670,খুব বিরক্ত করে,negative,বিরক্ত,1
671,তুমি বলেছিলে ভালোভাবে কথা বললে তুমি খুশি হবে,positive,বলেছিলে ভালোভাবে বললে খুশি,4
672,"এখন থেকে, আমাদের মধ্যে আর প্রেম, বিয়ের বিষয় উঠবে না",positive,প্রেম বিয়ের বিষয় উঠবে,4
673,তুমি চাইলে বন্ধু হতে পারো।,positive,চাইলে বন্ধু পারো,3
674,তোমার প্রেমে পড়ার কি অনুমতি চেয়েছিলাম?,positive,প্রেমে পড়ার অনুমতি চেয়েছিলাম,4
675,পরের বিষয় পরে দেখা যাবে।,positive,পরের বিষয়,2
676,আজকের বাচ্চারা আগামীকালের নাগরিক।,positive,আজকের বাচ্চারা আগামীকালের নাগরিক,4
677,মেয়ের সামনে আমাকে মারলে কেন?,negative,মেয়ের মারলে,2
678,আবার কেন মারছো?,negative,মারছো,1
679,তুমি তোমার কাজে যাও।,positive,যাও,1
680,তোমার সাথে কথা বলা দরকার।,positive,দরকার,1
681,"রাতের খাবার খাও, মা।",positive,রাতের খাবার খাও,3
682,আপনি খেয়েছেন?,positive,খেয়েছেন,1
683,আমার কোনো অধিকার নেই বলার কোথায় থাকবে কোথায় বিয়ে করবে।,positive,অধিকার বলার কোথায় কোথায় বিয়ে,5
684,তোমার জীবন তোমার ইচ্ছা।,positive,জীবন ইচ্ছা,2
685,খবর রাখিস না কেন?,negative,খবর রাখিস,2
686,ভয় করছে আমার।,negative,ভয়,1
687, এটা শুনে কষ্ট পাবে।,negative,শুনে কষ্ট পাবে,3
688,জানি আমাকে অনেক ভালবাসো।,positive,জানি ভালবাসো,2
689,এক্সিডেন্টের কারণে প্রচুর রক্তক্ষরণ হয়েছে।,negative,এক্সিডেন্টের কারণে প্রচুর রক্তক্ষরণ হয়েছে,5
690,তিনি মারা গেছেন।,negative,মারা গেছেন,2
691,তারা বলছে মা মারা গেছে।,negative,বলছে মারা,2
692,ভেবেছিলাম তুমি এখানে আমার জন্য অপেক্ষা করছো,positive,ভেবেছিলাম অপেক্ষা করছো,3
693,শ্বাস নিতে না পাওয়ার কারণে মা মারা গেছে।,negative,শ্বাস পাওয়ার কারণে মারা,4
694,শ্বাস নিতে পেরেও মনে হচ্ছে মারা গেছি,negative,শ্বাস পেরেও মারা গেছি,4
695,এখন চলে গেলে সেটা মেনে নিতে কষ্ট হচ্ছে,negative,মেনে কষ্ট,2
696,"তোমার মায়ের প্রেমে পড়ে, কখনো ভাবিনি তোমাকে, তোমার বাবাকে বোঝাতে পারবো",positive,মায়ের প্রেমে পড়ে কখনো ভাবিনি বাবাকে বোঝাতে পারবো,8
697,সমস্যা যতই বড় হোক না কেন তার সহজ সমাধান আছে।,positive,সমস্যা যতই বড় সহজ সমাধান,5
698,কে তোকে ঢুকতে দিয়েছে?,negative,তোকে ঢুকতে দিয়েছে,3
699,এখানে তার বিষয়ে কথা বলতে এসেছি।,positive,বিষয়ে এসেছি,2
700, আমার ছেলে মারা যায়,negative,ছেলে মারা যায়,3
701,মারা যাওয়ার দিন তাকে সবাই অপমান করেছিল,negative,মারা যাওয়ার সবাই অপমান করেছিল,5
702,"ঈশ্বর, এসব বলার জন্য আমায় ক্ষমা করুন।",negative,ঈশ্বর এসব বলার আমায় ক্ষমা করুন,6
703,তোমার জঘন্য ব্যাক্তিত্ব,negative,জঘন্য ব্যাক্তিত্ব,2
704,"আমাদের শোককে যখন অসম্মান করেছিলে, ভেবেছিলাম মৃত মানুষের প্রতি ছিটেফোটা শ্রদ্ধা নেই",negative,শোককে অসম্মান করেছিলে ভেবেছিলাম মৃত মানুষের ছিটেফোটা শ্রদ্ধা,8
705,ভেবেছিলাম ছোট থেকে এই শিক্ষা পেয়েই বড় হয়েছো।,positive,ভেবেছিলাম ছোট শিক্ষা পেয়েই বড় হয়েছো,6
706,আর এসব সহ্য করতে পারছি না,negative,এসব সহ্য পারছি,3
707,হাতজোড় করছি। একটু শান্তিতে থাকতে দাও,negative,হাতজোড় করছি একটু শান্তিতে থাকতে দাও,6
708,দুঃখের বিষয় সে আর বেঁচে নেই,negative,দুঃখের বিষয় বেঁচে,3
709,"নিঃস্ব থাকা অবস্থায়ও, ভিক্ষা বা খারাপ পথে যায় নাই",negative,নিঃস্ব অবস্থায়ও ভিক্ষা খারাপ পথে যায়,6
710,আমার মায়ের মনটাকে বুঝে তাকে বিয়ে করতে চায়,positive,মায়ের মনটাকে বুঝে বিয়ে চায়,5
711,আমাকে কাঁদায়!,negative,কাঁদায়,1
712,আমার শিক্ষার ব্যাপারে আপনি বলার কে?,negative,শিক্ষার বলার,2
713,ছেলের মৃত্যুর পর বাবার দায়িত্ব পালন ,negative,ছেলের মৃত্যুর বাবার দায়িত্ব পালন,5
714,আমি জানি না,positive,জানি,1
715,আপনিই বিচার করে দেখুন।,positive,আপনিই বিচার দেখুন,3
716,মৃত্যু পর্যন্তই আপনি জীবনটাকে জানতে পারেন,negative,মৃত্যু পর্যন্তই জীবনটাকে,3
717,ভয় লাগছে?,negative,ভয় লাগছে,2
718,মায়ের গর্ভে থাকা সন্তান ভাবে পৃথিবীটা কেবল গর্ভের মতোই বড় আর এর ঊর্ধ্বে কিছু নেই,positive,মায়ের গর্ভে সন্তান পৃথিবীটা কেবল গর্ভের বড় ঊর্ধ্বে,8
719,মৃত্যুটা ঠিক এমনই হয়,negative,মৃত্যুটা এমনই,2
720,একটা সুন্দর জীবন রয়েছে,positive,সুন্দর জীবন রয়েছে,3
721,"মৃত্যু আসবে কখন জানি না,যখন আসে পলকেই জীবনটাকে ছিনিয়ে নেয়",negative,মৃত্যু আসবে কখন জানি আসে পলকেই জীবনটাকে ছিনিয়ে নেয়,9
722,"কেউ সুখী হতে চাইলে, পৃথিবীর চেয়ে শ্রেষ্ঠতর স্বর্গ আর কোথাও নেই",positive,সুখী চাইলে পৃথিবীর চেয়ে শ্রেষ্ঠতর স্বর্গ কোথাও,7
723,"যারা বিষণ্ণ হতে চায়, তাদের কাছে পৃথিবীর চেয়ে বড় নরক আর কোথাও নেই।",negative,বিষণ্ণ চায় পৃথিবীর চেয়ে বড় নরক কোথাও,7
724,আমার সাথে সুখে থাকবে,positive,সুখে,1
725,তাহলে সেটা আমাদের জানাতো,positive,জানাতো,1
726,আমাকে পছন্দ করে না,negative,পছন্দ,1
727,আমিই ওর মনের সব শান্তি কেড়ে নিয়েছি,negative,আমিই মনের শান্তি কেড়ে নিয়েছি,5
728,জানি আমাকে অনেক পছন্দ করো। কিন্তু চলো এসবের এখনই ইতি টানি।,positive,জানি পছন্দ চলো এসবের এখনই ইতি টানি,7
729,সেজন্যই ভেবেছিলাম আপনি বুঝবেন,positive,সেজন্যই ভেবেছিলাম বুঝবেন,3
730,আমাকে কাঁদিয়ে ফেলছেন,negative,কাঁদিয়ে ফেলছেন,2
731,"হৃদয়ে বেদনায়, ক্ষুধার্ততায়",negative,হৃদয়ে বেদনায় ক্ষুধার্ততায়,3
732,"সে কখন ফিরে এসেছে? রাতে, বেশ দেরী",positive,কখন এসেছে রাতে দেরী,4
733,ভিতরে বসুন,positive,ভিতরে বসুন,2
734,এখানে আর কে থাকে? শুধুমাত্র আমার ভাই,positive,শুধুমাত্র ভাই,2
735,আপনার বাবা এবং মা সম্পর্কে কি?,positive,বাবা সম্পর্কে,2
736,আপনি কত বছর এখানে বাস করছেন? ,positive,বছর বাস,2
737,"আজ রাতে দেখা হবে অবশ্যই, আজ রাতে",positive,রাতে অবশ্যই রাতে,3
738,খাবারের জন্য ধন্যবাদ!,positive,খাবারের ধন্যবাদ,2
739,অনেক সুস্বাদু।,positive,সুস্বাদু,1
740,আমি নার্ভাস ছিলাম।,negative,নার্ভাস ছিলাম,2
741,তোমাকে ধন্যবাদ।,positive,ধন্যবাদ,1
742,"যখন তুমি হাসো, তখন তোমাকে সবচেয়ে সুন্দর লাগে।",positive,হাসো সবচেয়ে সুন্দর লাগে,4
743,সুস্বাদু!,positive,সুস্বাদু,1
744,তোমরা অনেক বেশি খেয়ে ফেলছো!,positive,তোমরা খেয়ে ফেলছো,3
745,তোমরা অনেক কিউট।,positive,তোমরা কিউট,2
746,"আমি নিশ্চিত, ওখানে আমি অনেক খুশি থাকবো।",positive,নিশ্চিত খুশি থাকবো,3
747,"আমিও আশা করছি, আমার ভাগ্য বদলে যাবে",positive,আমিও আশা করছি ভাগ্য,4
748,অনেক মজা হবে!,positive,মজা,1
749,আমি এগুলো কিনে এনেছি।,positive,এগুলো কিনে এনেছি,3
750,শুভ সকাল!,positive,শুভ সকাল,2
751,এখানে আসবার জন্য সবাইকে ধন্যবাদ,positive,আসবার সবাইকে ধন্যবাদ,3
752,আপনি আমাকে যেকোনো কিছু নিয়ে সাহায্য করতে বলতে পারেন।,positive,যেকোনো সাহায্য,2
753,তোমাদেরকে অনেক ধন্যবাদ।,positive,তোমাদেরকে ধন্যবাদ,2
754,বাড়িটা দেখতে অনেক সুন্দর।,positive,বাড়িটা সুন্দর,2
755,এখন থেকে আমাকে আপনার ছেলে হিসেবে বিবেচনা করবেন,positive,ছেলে হিসেবে বিবেচনা,3
756,এবার সবাই ভিতরে গিয়ে চল কিছু খেয়ে নেই একসাথে।,positive,সবাই ভিতরে চল খেয়ে একসাথে,5
757,সেটা কীভাবে হতে পারে? এখন তো ঝকঝকে দিনের বেলা।,positive,কীভাবে ঝকঝকে দিনের বেলা,4
758,একটি বাড়ি ধ্বংস করে ফেলেছে,negative,বাড়ি ধ্বংস ফেলেছে,3
759,বাড়িটা ভেঙ্গে পড়ে গেল,negative,বাড়িটা ভেঙ্গে পড়ে,3
760,সবাই বাড়ির বাইরে ছিল।,positive,সবাই বাড়ির বাইরে,3
761,ভাগ্য ভাল,positive,ভাগ্য ভাল,2
762,আমরা দুঃখিত,negative,দুঃখিত,1
763,পরবর্তী বার অবশ্যই আমাদের এখানে আসবেন,positive,পরবর্তী অবশ্যই আসবেন,3
764,আমি এই ক'দিন অনেক কষ্ট করেছি।,negative,ক কষ্ট করেছি,3
765,আমরা আবার নতুন বাড়ি করে নিতে পারবো।,positive,বাড়ি পারবো,2
766,আমি আমার সব টাকা বাড়িটার পেছনে ঢেলে দিয়েছিলাম,positive,টাকা বাড়িটার পেছনে ঢেলে দিয়েছিলাম,5
767,আমার ভাগ্য কত খারাপ।,negative,ভাগ্য খারাপ,2
768,তোমার ভাগ্য অনেক ভালো,positive,ভাগ্য ভালো,2
769,তাহলে আমরা সবাই মারা পড়তাম।,negative,সবাই মারা পড়তাম,3
770,এর চেয়ে বড় সৌভাগ্য আর কী হতে পারে,positive,চেয়ে বড় সৌভাগ্য,3
771,আমরা আসলেই অনেক সৌভাগ্যবান ছিলাম।,positive,আসলেই সৌভাগ্যবান ছিলাম,3
772,তুমি একদম তোমার মায়ের মত।,positive,একদম মায়ের মত,3
773,তোমার মাও তোমার মতই সহজ-সরল ছিল।,positive,মাও মতই সহজ সরল,4
774,দুর্ভাগ্য চলছে ওর,negative,দুর্ভাগ্য চলছে,2
775,বন্ধ করো এসব!,negative,বন্ধ এসব,2
776,সে এত হাসিখুশি। আজকেও তাকে কিউট লাগছে,positive,হাসিখুশি আজকেও কিউট লাগছে,4
777,তুমি আমাকে কাঁদিয়ে দিচ্ছো,negative,কাঁদিয়ে দিচ্ছো,2
778,তুমি ওর সাথে এভাবে কথা বললে কেন?,negative,এভাবে বললে,2
779,এখন অনেক কষ্টে আছে,negative,কষ্টে,1
780,আমার সাথে ফাজলামো করবে না,negative,ফাজলামো,1
781,আমার জীবনের দু'টা বছর নষ্ট করেছি ,negative,জীবনের টা বছর নষ্ট করেছি,5
782,"অসুবিধা নেই, বাবা। আমাকে অনুমতি দেয়া হয়েছিল স্কুল থেকে।",positive,অসুবিধা বাবা অনুমতি দেয়া হয়েছিল স্কুল,6
783,কত্ত বড় বাড়ি!,positive,কত্ত বড় বাড়ি,3
784,বার-বি-কিউ পার্টি করতে পারে,positive,কিউ পার্টি,2
785,তোমাকে স্বাগতম!,positive,স্বাগতম,1
786,কত্ত সুন্দর!,positive,কত্ত সুন্দর,2
787,কী সুন্দর মেয়ে!,positive,সুন্দর মেয়ে,2
788,আপনাদেরকে দেখে খুশি হলাম।,positive,আপনাদেরকে খুশি হলাম,3
789,তোমাকে দেখেও খুশি হলাম,positive,দেখেও খুশি হলাম,3
790,এর আগে আপনি আমাকে দেখেছেন,positive,দেখেছেন,1
791,তখন আমার হাতে টাকা-পয়সা ছিল না তেমন,negative,হাতে টাকা পয়সা,3
792,কিন্তু আমি খবরে দেখবার পর অনেক অবাক হয়েছিলাম,positive,খবরে দেখবার অবাক হয়েছিলাম,4
793,আমি খুশি যে আমরা একসাথে হতে পেরেছি,positive,খুশি একসাথে পেরেছি,3
794,দেরি করবার জন্য দুঃখিত,negative,দেরি করবার দুঃখিত,3
795,আমি অনেক অবাক হয়েছি,positive,অবাক হয়েছি,2
796,তুমি তোমার রুম দেখতে চাও?,positive,রুম চাও,2
797,আমি মজা করছিলাম।,positive,মজা করছিলাম,2
798,আজ আমি অনেক খুশি!,positive,খুশি,1
799,সুন্দর জামা-কাপড়,positive,সুন্দর জামা কাপড়,3
800,আমার স্বপ্ন সত্যি হয়েছে,positive,স্বপ্ন সত্যি হয়েছে,3
801,রাগ করে বসে আছে,negative,রাগ,1
802,বিরক্ত করো না তো,negative,বিরক্ত,1
803,আমার জীবনে হস্তক্ষেপ করবে না।,negative,জীবনে হস্তক্ষেপ,2
804,তুমি ওর সাথে স্কুলে যাও না কেন?,negative,স্কুলে যাও,2
805,আপনাকে স্বাগতম,positive,স্বাগতম,1
806,তার বুকে ব্যথা রয়েছে,negative,বুকে ব্যথা,2
807,আমার বিরুদ্ধে মামলা কর,negative,বিরুদ্ধে মামলা কর,3
808,এখানে সমস্যা কি?,negative,সমস্যা,1
809,আপনি কি মানুষ?,negative,মানুষ,1
810,তুমি কে তা আমার কাছে কী ব্যাপার?,negative,ব্যাপার,1
811,"নিজের অহংকারটি নিজের কাছে রাখবেন, ঠিক আছে?",negative,অহংকারটি রাখবেন,2
812,ঠিক সেখানে থামো!,negative,থামো,1
813,"আরে, সরে যাও",negative,আরে সরে যাও,3
814,"আরে, আপনি কি চান? ",negative,আরে,1
815,তারা কি বলেছিল শুনেনি?,negative,বলেছিল শুনেনি,2
816,এখানে কী ঘটছে?,negative,ঘটছে,1
817,এটি কোনও ছোট সমস্যা নয়। এটি সাধারণ মানুষের দুর্দশার দিকে ইঙ্গিত করে।,positive,ছোট সমস্যা মানুষের দুর্দশার ইঙ্গিত,5
818,হিংস্র হয়ে ওঠে,negative,হিংস্র ওঠে,2
819,স্থির থাক!,negative,স্থির থাক,2
820,আসুন এবং আপনার চা পান করুন,positive,আসুন চা পান করুন,4
821,আমার হার্টের সমস্যা আছে,negative,হার্টের সমস্যা,2
822,আপনি কি আজ কলেজে যাচ্ছেন না,positive,কলেজে যাচ্ছেন,2
823,আপনার পড়াশোনা শেষ করতে হবে এবং দ্রুত একটি চাকরি পাওয়া উচিত,positive,পড়াশোনা শেষ দ্রুত চাকরি,4
824,আপনি লিখতে বাধ্য,negative,লিখতে বাধ্য,2
825,সে আমার ছেলে,positive,ছেলে,1
826,আমাকে মেরে ফেলার চেষ্টা করছেন?,negative,মেরে ফেলার,2
827,আমি তোমাকে পুলিশে দিয়েছি!,negative,পুলিশে দিয়েছি,2
828,দয়া করে আমাদের ত্যাগ করবেন না,negative,দয়া ত্যাগ,2
829,তোমার সামনে বসে আছি,positive,আছি,1
830,তিনি এখন ভাল আছেন,positive,ভাল আছেন,2
831,ছেলেটি ভাল ফর্মে আছে,positive,ছেলেটি ভাল ফর্মে,3
832,আপনি অনেক জল পান করছেন বলে মনে হচ্ছে,positive,জল পান,2
833,কেন আপনি এখানে আছেন?,negative,আছেন,1
834, ইহা বন্ধ কর,negative,বন্ধ কর,2
835,আরে! আপনি কোথায় যাচ্ছেন? ,negative,আরে কোথায় যাচ্ছেন,3
836,অসুবিধা সহ্য করতে হবে,negative,অসুবিধা সহ্য,2
837,আমাকে চুমু দাও,positive,চুমু দাও,2
838,আপনার পছন্দ মতো সবই আমি বানিয়েছি,positive,পছন্দ সবই বানিয়েছি,3
839,যে ছেলেটি দাঁড়িয়ে আছে সেখানে ফোন করুন। ,positive,ছেলেটি দাঁড়িয়ে ফোন করুন,4
840,দুর্নীতিমুক্ত সরকার ছিল।,positive,দুর্নীতিমুক্ত সরকার,2
841,আরে! থামো,negative,আরে থামো,2
842,রাতারাতি সাফল্য,positive,রাতারাতি সাফল্য,2
843,বন্ধ কর!,negative,বন্ধ কর,2
844,আমি যে কোনওভাবে তদন্তের আদেশ দিচ্ছি,negative,কোনওভাবে তদন্তের আদেশ দিচ্ছি,4
845,আমরা সবাই এখানে আছি।,positive,সবাই আছি,2
846,আপনার আরও মনোযোগ দিতে হবে।,positive,মনোযোগ,1
847,আপনার নিজের যত্ন নেওয়া দরকার,positive,যত্ন দরকার,2
848,আরাম পেয়েছি।,positive,আরাম পেয়েছি,2
849,আপনাকে আপনার পদ থেকে পদত্যাগ করতে হবে!,negative,পদ পদত্যাগ,2
850,তুমি তাকে জিজ্ঞাসা করনি কেন? ,negative,জিজ্ঞাসা করনি,2
851,ধন্যবাদ জনাব,positive,ধন্যবাদ জনাব,2
852,দ্রুত কর,negative,দ্রুত কর,2
853,শিক্ষা কেবল আপনার জ্ঞান এবং বুদ্ধি প্রসারিত হওয়া উচিত নয়,positive,শিক্ষা কেবল জ্ঞান বুদ্ধি প্রসারিত,5
854,আমি অত্যন্ত দুঃখিত,negative,অত্যন্ত দুঃখিত,2
855,সে সুখী জীবন পেতে পারে,positive,সুখী জীবন পেতে,3
856,আমি স্বস্তি পেয়েছিলাম,positive,স্বস্তি পেয়েছিলাম,2
857,"আমাদেরকে একটি নতুন যুগ, একটি নতুন ভোর এনে দিন",positive,আমাদেরকে যুগ ভোর এনে,4
858,আমাদের আরও ভাল জীবন থাকবে,positive,ভাল জীবন,2
859,আমরা আগামীকাল একটি উজ্জ্বল হবে,positive,আগামীকাল উজ্জ্বল,2
860,এখানে একটি নতুন যুগের সূচনা হচ্ছে,positive,যুগের সূচনা,2
861,"আমাদেরকে একটি নতুন যুগ, একটি নতুন ভোর এনে দিন",positive,আমাদেরকে যুগ ভোর এনে,4
862,সকলেই কিছুটা বিক্ষুব্ধ।,negative,সকলেই কিছুটা বিক্ষুব্ধ,3
863,কেন আপনি এই বিলের বিরুদ্ধে?,negative,বিলের বিরুদ্ধে,2
864,আপনি কেন মুখ্যমন্ত্রীকে দোষ দিচ্ছেন?,negative,মুখ্যমন্ত্রীকে দোষ দিচ্ছেন,3
865,আমি তোমার সাথে একমত,positive,একমত,1
866,কি দুর্দান্ত বাড়ি,positive,দুর্দান্ত বাড়ি,2
867,এটি বন্ধ করে দেব,negative,বন্ধ দেব,2
868,আপনার ভাল উদ্দেশ্য,positive,ভাল উদ্দেশ্য,2
869,তোমার প্রচেষ্টাকে সাধুবাদ জানাই,positive,প্রচেষ্টাকে সাধুবাদ জানাই,3
870,শুভকামনা! তোমাকে শুভ কামনা,positive,শুভকামনা শুভ কামনা,3
871,"ধন্যবাদ, মহামান্য!",positive,ধন্যবাদ মহামান্য,2
872,আমাদের সবার জন্য এটি একটি স্মরণীয় দিন হয়ে উঠুক,positive,স্মরণীয় উঠুক,2
873,আপনার পদত্যাগ করা উচিত,negative,পদত্যাগ,1
874,"যা, বাইরে থেকে দরজা বন্ধ করে দে",negative,বাইরে দরজা বন্ধ দে,4
875,"শালা, তারপরেও হারামির মত কাজ করলি?",negative,শালা তারপরেও হারামির মত করলি,5
876,তিনি আমার কাজ পছন্দ করলেন,positive,পছন্দ,1
877,আমি সব জানি।,positive,জানি,1
878,শালা মেয়েদের পাঠিয়ে ব্যবসা করিস?,negative,শালা মেয়েদের পাঠিয়ে ব্যবসা করিস,5
879,"বল না, শালা! চুপ কেন?",negative,বল শালা চুপ,3
880,এত ভয় পাচ্ছ কেন?,negative,ভয় পাচ্ছ,2
881,একদিন মরে যেতে হবে,negative,একদিন মরে,2
882,এসব আজেবাজে কথা ছাড়ো,negative,এসব আজেবাজে ছাড়ো,3
883,"যা, গাধা।",negative,গাধা,1
884,চাপামারা বন্ধ কর,negative,চাপামারা বন্ধ কর,3
885,আমি তোমার প্রেমে পড়েছি,positive,প্রেমে পড়েছি,2
886,দায়িত্ব পালনের সময় হয়ে গেছে,positive,দায়িত্ব পালনের সময়,3
887,এইভাবে তাকাচ্ছেন কেন?,negative,এইভাবে তাকাচ্ছেন,2
888,চুপ কর!,negative,চুপ কর,2
889,ভিতরে ঢুকে গেলি?,negative,ভিতরে ঢুকে গেলি,3
890,কখনও কখনও প্রথম দেখাতেই প্রেম হয়,positive,দেখাতেই প্রেম,2
891,"আর তুমি তাকেও মেরে ফেললে, শালা!",negative,তাকেও মেরে ফেললে শালা,4
892,"কুকুর পালতে হলে, ভালো জাতের পালা উচিত",positive,কুকুর পালতে ভালো জাতের পালা,5
893,"তোমাকে কাকে মারতে পাঠিয়েছিলাম, আর কাকে মেরে এসেছ?",negative,কাকে মারতে পাঠিয়েছিলাম কাকে মেরে এসেছ,6
894,আপনারা মজা করেন।,positive,আপনারা মজা,2
895,বাবু মারা গেছে।,negative,বাবু মারা,2
896,জনগণের কাছে ভালো সম্মান আছে তাদের,positive,জনগণের ভালো সম্মান,3
897,বিরক্তিকর!,negative,বিরক্তিকর,1
898,যা মেরে দেখা!,negative,মেরে,1
899,মারবি?,negative,মারবি,1
900,"যদি কোন বেশ্যার ছেলে না হয়ে থাকিস,",negative,বেশ্যার ছেলে থাকিস,3
901,তবে মেরে দেখা।,negative,মেরে,1
902,ধরো ওরে! ধরো শালারে! ,negative,ধরো ওরে ধরো শালারে,4
903,তার বউয়ের মনে হয় অবস্থা খারাপ হয়ে গেছে।,negative,বউয়ের অবস্থা খারাপ,3
904,আমাকে সাহায্য করার জন্য ধন্যবাদ।,positive,সাহায্য ধন্যবাদ,2
905,"শালা, আমার শিকারে হাত দিবি তো হাত ভেঙে দেবো।",negative,শালা শিকারে হাত দিবি হাত ভেঙে দেবো,7
906,"জানিস, আমি কে?",negative,জানিস,1
907,আমি তো ছোটবেলা থেকেই আপনার ভক্ত!,positive,ছোটবেলা ভক্ত,2
908,সত্যি বলছি আমার বয়স ১০ বছর ছিল,positive,সত্যি বলছি বয়স ১০ বছর,5
909,সেদিন থেকে আপনার গল্প শুনছি,positive,সেদিন গল্প শুনছি,3
910,দারুন করেছিলেন,positive,দারুন,1
911,"যে কাজ করবে, সেই তো টাকা পাবে",positive,টাকা পাবে,2
912,"তুমি মারলে, এই হারামীকে কে টাকা দেবে?",negative,মারলে হারামীকে টাকা দেবে,4
913,"ভাগ, শালা।",negative,ভাগ শালা,2
914,অন্যকিছুর ভয় পাচ্ছে,negative,অন্যকিছুর ভয় পাচ্ছে,3
915,আমার আগে তুই ওই তিনজনকে মেরে ফেলবি?,negative,তুই তিনজনকে মেরে ফেলবি,4
916,তবে শিষ্য সবসময় গুরুর চেয়ে চালাক হয়। ,positive,শিষ্য সবসময় গুরুর চেয়ে চালাক,5
917,খুব মজা,positive,মজা,1
918,কী দুর্দশা হবে,negative,দুর্দশা,1
919,ভয় পাবেন না,negative,ভয় পাবেন,2
920,কয়জনকে মেরেছিস? ,negative,কয়জনকে মেরেছিস,2
921,সারা জীবন শুধু মারাই খেয়ে গেলাম,negative,সারা জীবন মারাই খেয়ে গেলাম,5
922,হারামি কে?,negative,হারামি,1
923,সবকিছু কেমন চলছে?,positive,সবকিছু কেমন চলছে,3
924,আর কিছু লাগলে ফোন করব।,positive,লাগলে ফোন করব,3
925,"ওহ, খোদা!",negative,ওহ খোদা,2
926,অনেক সুস্বাদু।,positive,সুস্বাদু,1
927,কুত্তার বাচ্চা,negative,কুত্তার বাচ্চা,2
928,হারামজাদা!,negative,হারামজাদা,1
929,আমি বলেছিলাম ওকে এখানে নিয়ে আসতে,positive,বলেছিলাম আসতে,2
930,কিন্তু শালাটা আমার জায়গা নিতে চায়।,negative,শালাটা জায়গা,2
931,তুই তো হিরো।,positive,তুই হিরো,2
932,চিয়ার্স!,positive,চিয়ার্স,1
933,বাহ! তোমাদের দুজনের কী সুন্দর জুটি হয়েছে,positive,বাহ তোমাদের দুজনের সুন্দর জুটি,5
934,মজা লাগল।,positive,মজা লাগল,2
935,দারুণ দারুণ! ,positive,দারুণ দারুণ,2
936,কী দারুণ ছন্দ বলছ!,positive,দারুণ ছন্দ বলছ,3
937,মনে হয় একে অপরের প্রেমে পড়ে গেছ।,positive,অপরের প্রেমে পড়ে গেছ,4
938,তোমাদের খুশির জন্য আমি এই রাত উৎসর্গ করতে পারি,positive,তোমাদের খুশির রাত উৎসর্গ,4
939,"শালা, তুই আমাকে কী মনে করিস?",negative,শালা তুই করিস,3
940,বদমাইশ!,negative,বদমাইশ,1
941,নাটক বন্ধ কর। শয়তানি করছিলি না তুই?,negative,নাটক বন্ধ কর শয়তানি করছিলি তুই,6
942,স্বাধীন  জীবন,positive,স্বাধীন জীবন,2
943,গরীবের দুঃখ কেবল গরীবই বুঝতে পারে।,negative,গরীবের দুঃখ কেবল গরীবই বুঝতে,5
944,"আমার সম্মান নষ্ট করবে নাকি, শালা?",negative,সম্মান নষ্ট শালা,3
945,সাবাস। সাবাস!,positive,সাবাস সাবাস,2
946,লাথি মার লাথি।,negative,লাথি মার লাথি,3
947,"শালা, তোকে ছাড়ব না।",negative,শালা তোকে ছাড়ব,3
948,"তোর সুযোগ শেষ, তুই সর।",negative,তোর সুযোগ শেষ তুই সর,5
949,খেলায় তো আমি জিতেছি,positive,খেলায় জিতেছি,2
950,খালি হাতে বাড়ি যাওয়া থেকে তো ভাল,positive,খালি হাতে বাড়ি ভাল,4
951,সে নিশ্চয়ই এখন বড় হয়ে গেছে,positive,নিশ্চয়ই বড়,2
952,সে তো মরে গেছে,negative,মরে,1
953,কিন্তু তার কর্মফল একদিন হলেও তার কাছে ফিরে আসে,positive,কর্মফল একদিন আসে,3
954,সব হারামজাদা শালা!,negative,হারামজাদা শালা,2
955,কেঁদে কেঁদে মনে হয় এই রাত কান্নায়,negative,কেঁদে কেঁদে রাত কান্নায়,4
956,আমার জীবন ভিক্ষা দিন,negative,জীবন ভিক্ষা,2
957,আমার জীবন ভিক্ষা দিন! আমি আপনার পায়ে ধরছি,negative,জীবন ভিক্ষা পায়ে ধরছি,4
958,"বাহ, বাহ! কী সুন্দর!",positive,বাহ বাহ সুন্দর,3
959,কী অসাধারণ কথা! বাহ! বাহ!,positive,অসাধারণ বাহ বাহ,3
960,আমার স্ত্রী কবিতা খুব পছন্দ করে।,positive,স্ত্রী কবিতা পছন্দ,3
961,পুড়ে যাওয়া লাশ পাওয়া গেছে,negative,পুড়ে লাশ,2
962,"যথেষ্ট হয়েছে! ভাগ, এখান থেকে।",negative,ভাগ এখান,2
963,উনি এমনিতেই ভয়ে আছে!,negative,এমনিতেই ভয়ে,2
964," তোমাকে জিজ্ঞেস করেছি, ওটা কে ছিল?",negative,জিজ্ঞেস করেছি ওটা,3
965,চুপ করেন!,negative,চুপ,1
966,খালি বড়ো বড়ো কথা!,negative,খালি বড়ো বড়ো,3
967,এখন পালিয়ে যাচ্ছিস কেন?,negative,পালিয়ে যাচ্ছিস,2
968,হারামজাদা কোথাকার!,negative,হারামজাদা কোথাকার,2
969,"চুপ কর, নাহলে তোর মুখ ভেঙে দেবো।",negative,চুপ কর নাহলে তোর মুখ ভেঙে দেবো,7
970,তুই আমার মুখ ভেঙে দিবি! কীভাবে বললি?,negative,তুই মুখ ভেঙে দিবি কীভাবে বললি,6
971,"হারামজাদা, হারামি",negative,হারামজাদা হারামি,2
972,আমার কিছুই ফেলতে পারবি না তুই!,negative,ফেলতে পারবি তুই,3
973,তোর এতো সাহস কীভাবে হলো?,negative,তোর এতো সাহস কীভাবে,4
974,"প্রথমে জানলে, তোরে মেরে মেরে খুনই করে ফেলতাম।",negative,প্রথমে জানলে তোরে মেরে মেরে খুনই ফেলতাম,7
975,খুব সুন্দর ঘ্রাণ আসে।,positive,সুন্দর ঘ্রাণ আসে,3
976,আহা,positive,আহা,1
977,একবার যদি ওকে পাই না!,negative,পাই,1
978,নিজের সিকিউরিটির জন্য পুরো দলকে সাথে রেখেছে,positive,সিকিউরিটির পুরো দলকে রেখেছে,4
979,"মারতে চাইলে মেরে ফেলো, কিন্তু এভাবে মেরো না",negative,মারতে চাইলে মেরে ফেলো এভাবে মেরো,6
980,তুমি আমার ভাইয়ের মতো,positive,ভাইয়ের,1
981,"তুমি আমাকে বোন বলে ডেকেছ, তাই না",positive,বোন ডেকেছ,2
982,কুত্তার বাচ্চা!,negative,কুত্তার বাচ্চা,2
983,"হারামজাদা, এভাবে মারিস না!",negative,হারামজাদা এভাবে মারিস,3
984,শালা আমাকে গুলি করেছে।,negative,শালা,1
985,হারামী মরে গেলে কী হতো?,negative,হারামী মরে হতো,3
986,আমার নাম ধরে রাখার জন্য কাউকে তো লাগবে।,positive,নাম রাখার লাগবে,3
987,আমার জন্যই সে তার প্রথম কাজ করেছিল।,positive,জন্যই করেছিল,2
988,"আমাকে তো বলেছিল, সে প্রথম কাজ দুই হাজার টাকায় করেছিল।",positive,বলেছিল টাকায় করেছিল,3
989,খুব ব্যথা করছে,negative,ব্যথা,1
990,আমি তাড়াতাড়ি আসার চেষ্টা করব,positive,তাড়াতাড়ি আসার করব,3
991,তখনই আমরা ওকে খুন করব।,negative,তখনই খুন করব,3
992,আমিও আপনাকে কিছু বলতে চাই।,positive,আমিও চাই,2
993,আমার একটা মেয়ে হয়েছে।,positive,মেয়ে,1
994,ভগবান ওর মঙ্গল করুক।,positive,ভগবান মঙ্গল করুক,3
995,তোমার মৃত্যুর খবর পাওয়ার পরেই তাকে বলেছিলাম,negative,মৃত্যুর খবর পাওয়ার বলেছিলাম,4
996,ওকে মেরে ফেলেছে!,negative,মেরে ফেলেছে,2
997,"যথেষ্ট হয়েছে, তোমরা দুজনেই চলে যাও।",positive,তোমরা দুজনেই যাও,3
998,আপনার মাথা খারাপ হয়ে গেছে?,negative,মাথা খারাপ,2
999,"আচ্ছা শোনো, আমি নিজের বাড়ি যাচ্ছি।",positive,আচ্ছা শোনো বাড়ি যাচ্ছি,4
1000,পাগল মনে করেছেন আমাকে?,negative,পাগল,1
1001,তুই আমাকে মিথ্যে বলেছিলি কেন?,negative,তুই মিথ্যে বলেছিলি,3
1002,বাড়িটা খুবই ভালো।,positive,বাড়িটা খুবই ভালো,3
1003,আমরা একে অপরকে ভালোবাসি,positive,অপরকে ভালোবাসি,2
1004,"গতকাল যা হয়েছিল, তা আবার যেন না হয়।",negative,গতকাল,1
1005,কাজ শেষ হয়ে গেলেই ফিরে আসব।,positive,শেষ গেলেই আসব,3
1006,নিশ্চয়ই তোমার ওই বান্ধবী বলে দিয়েছে,positive,নিশ্চয়ই বান্ধবী,2
1007,তোমাকে বলেছিলাম ওকে খুন করতে,positive,বলেছিলাম খুন,2
1008,একবার গুলি করে ৮ বছর শান্তিতে ঘুমাতে পারিনি,negative,৮ বছর শান্তিতে ঘুমাতে পারিনি,5
1009,"যে মারা যাবে, সে হেরে যাবে",negative,মারা হেরে,2
1010,এটা বন্ধ করো।,negative,বন্ধ,1
1011,এটা কী ধরণের নৃশংসতা?,negative,ধরণের নৃশংসতা,2
1012,আমাদের এটি একটি সক্রিয় হাসপাতাল।,positive,সক্রিয় হাসপাতাল,2
1013,খুন! খুন!খুন হয়েছেন,negative,খুন খুন খুন হয়েছেন,4
1014,আমাদের চ্যানেল একেবারে সামনে আছে,positive,চ্যানেল একেবারে,2
1015,কিন্তু আমি তোমাকে টিভি তে দেখতে পাচ্ছি না,positive,টিভি তে পাচ্ছি,3
1016,তীব্র রোদে কাজ করতে করতে চুল সব গেছে,negative,তীব্র রোদে চুল,3
1017,আচ্ছা কল এসেছে। আমি পরে ফোন করবো।,positive,আচ্ছা কল এসেছে ফোন করবো,5
1018,আচ্ছা একটু অপেক্ষা করো,positive,আচ্ছা একটু অপেক্ষা,3
1019,আমি এর বদলা নিবোই!,negative,বদলা নিবোই,2
1020,শোকে আচ্ছন্ন,negative,শোকে আচ্ছন্ন,2
1021,আমি একটু ঘুম যাই,positive,একটু ঘুম যাই,3
1022,"শুভ সকাল, ম্যাডাম।",positive,শুভ সকাল ম্যাডাম,3
1023,ও আমার সাথে অসভ্যতা করছে।,negative,অসভ্যতা,1
1024,দেখতে সুন্দরী হওয়ায় একটু চিমটি কেটেছি,positive,সুন্দরী হওয়ায় একটু চিমটি কেটেছি,5
1025,তুমি মদ খেয়েছ?,negative,মদ খেয়েছ,2
1026,বেরিয়ে যাও আমার ক্লাস থেকে,negative,বেরিয়ে যাও ক্লাস,3
1027,আপনি বিষয়টাকে এত সহজ ভাবে নিচ্ছেন দেখে অবাক হচ্ছি,positive,বিষয়টাকে সহজ নিচ্ছেন অবাক হচ্ছি,5
1028,"আমি দুঃখিত, স্যার",negative,দুঃখিত স্যার,2
1029,গতকাল পড়তে আসোনি কেন?,negative,গতকাল পড়তে আসোনি,3
1030,একজন একা মা হয়েও তিনটে ফুটফুটে শিশুকে তুই লালন পালন করেছিস,positive,একজন একা হয়েও তিনটে ফুটফুটে শিশুকে তুই লালন পালন করেছিস,10
1031,অন্যের বাচ্চাকে নিজের বাচ্চা মনে করে বড় করছিস,positive,অন্যের বাচ্চাকে বাচ্চা বড় করছিস,5
1032,সত্যিই তুই অনেক বড় মনের মানুষ।,positive,সত্যিই তুই বড় মনের মানুষ,5
1033,এত অল্প বয়সেই আপনার পুত্রবধু বিধবা হয়ে গেল।,negative,অল্প বয়সেই পুত্রবধু বিধবা,4
1034,দিন দিন রুপির মূল্য কমে যাচ্ছে।,positive,রুপির মূল্য কমে,3
1035,আমরা সবাই গর্বিত,positive,সবাই গর্বিত,2
1036,খুব ভালো একটা দিন,positive,ভালো,1
1037,"শুভ সকাল, স্যার!",positive,শুভ সকাল স্যার,3
1038,সবাই দুশ্চিন্তায় আছে,negative,সবাই দুশ্চিন্তায়,2
1039,দু'জনের জীবনই ঝুঁকিতে আছে।,negative,জীবনই ঝুঁকিতে,2
1040,ঠান্ডায় আপনার হাত কাঁপছে।,negative,ঠান্ডায় হাত কাঁপছে,3
1041,মজাই আলাদা,positive,মজাই আলাদা,2
1042,শ্বাস বন্ধ হয়ে মারা যাব,negative,শ্বাস বন্ধ মারা যাব,4
1043,আমি শান্তিতে মরতে চাই,negative,শান্তিতে মরতে চাই,3
1044,সবাইকে শুভ সন্ধ্যা।,positive,সবাইকে শুভ সন্ধ্যা,3
1045,আপনারা আমাদের অনুপ্রেরণা।,positive,আপনারা অনুপ্রেরণা,2
1046,আপনারাই সত্যিকারের হিরো।,positive,আপনারাই সত্যিকারের হিরো,3
1047,সে নাচতে ভালবাসে,positive,নাচতে ভালবাসে,2
1048,ছেলেটা সত্যিই ভালো।,positive,ছেলেটা সত্যিই ভালো,3
1049,তোর বোনের জন্য আমি একটা পাত্র ঠিক করেছি,positive,তোর বোনের পাত্র করেছি,4
1050,সত্যিই আমার বোন ভাগ্যবতী,positive,সত্যিই বোন ভাগ্যবতী,3
1051,সে তো খুব খুশি।,positive,খুশি,1
1052,"আমি খুব খুশি, মা।",positive,খুশি,1
1053,আমি তোদের এক এক করে মারব,negative,তোদের এক এক মারব,4
1054,আমার উপহার কেমন লাগলো?,positive,উপহার কেমন লাগলো,3
1055,খুব বাজে গালি দিয়েছিস।,negative,বাজে গালি দিয়েছিস,3
1056,থমে আপনার শ্বাসরোধ করবে আর তারপর গলা কাটবে,negative,থমে শ্বাসরোধ গলা কাটবে,4
1057,সে গুরুতর আহত এবং বেঁচে থাকার সম্ভাবনা খুব কম।,negative,গুরুতর আহত বেঁচে থাকার সম্ভাবনা কম,6
1058,তার ভাইও এখন গুরুতর অবস্থায়।,negative,ভাইও গুরুতর অবস্থায়,3
1059,দেশের জন্যে প্রাণ দিয়েছে,negative,দেশের জন্যে প্রাণ দিয়েছে,4
1060,২ দিন আগে আমার সাথে দেখা করে তার বোনের বিয়ের ব্যাপারে বলেছিল,positive,২ বোনের বিয়ের বলেছিল,4
1061,আমি সত্যি খুব খুশি হব,positive,সত্যি খুশি হব,3
1062,তার পুরো পরিবার ভেঙে পড়বে।,negative,পুরো পরিবার ভেঙে পড়বে,4
1063,"যদি নৈতিক দিক বিবেচনা করি, আমাদের মধ্যে একজন বিয়েতে উপস্থিত হবে এবং বিয়ের কাজটা সেরে ফেলতে বলবে",positive,নৈতিক দিক বিবেচনা একজন বিয়েতে উপস্থিত বিয়ের কাজটা সেরে ফেলতে বলবে,11
1064,আমি বলব নৈতিকতা,positive,বলব নৈতিকতা,2
1065,আমার সাহসী ছেলে,positive,সাহসী ছেলে,2
1066,ভীষণ রোমাঞ্চকর,positive,ভীষণ রোমাঞ্চকর,2
1067,শান্তিপূর্ণ জীবন,positive,শান্তিপূর্ণ জীবন,2
1068,জানেন কেন আপনাকে এখানে নিয়ে এসেছি,positive,জানেন এসেছি,2
1069,"যেমন কর্ম, তেমন ফল",positive,কর্ম ফল,2
1070,ভুলভাল সব পড়িয়ে আমার বাবার কাছ থেকে টাকা হাতিয়েছেন,positive,ভুলভাল পড়িয়ে বাবার টাকা হাতিয়েছেন,5
1071,এখনও ওর সাথে কথা বলছিস কেন?,negative,বলছিস,1
1072,বড় মানুষ হিসেবে আমাদের উচিত এসব মীমাংসা করে নেওয়া,positive,বড় মানুষ হিসেবে এসব মীমাংসা,5
1073,চলুন কথা বলি,positive,চলুন বলি,2
1074,ক্ষমতার বলে যা ইচ্ছা তাই করেছেন,negative,ক্ষমতার ইচ্ছা,2
1075,আপনাকে জেলে ঢোকাব।,negative,জেলে ঢোকাব,2
1076,আমার মনে হয় না এসব সত্যি,positive,এসব সত্যি,2
1077,আপনার বালের শিক্ষা!,negative,বালের শিক্ষা,2
1078,আমার বিপক্ষে যাওয়ার জন্যে সত্যিই সাহসের প্রয়োজন,positive,বিপক্ষে যাওয়ার জন্যে সত্যিই সাহসের প্রয়োজন,6
1079,সূর্য ধীরে ধীরে অস্ত যাবে,positive,সূর্য ধীরে ধীরে অস্ত,4
1080,আমরা হলাম কনে পক্ষ,positive,হলাম কনে পক্ষ,3
1081,আমার ছেলের রাশিতে কিছু সমস্যা ছিল,negative,ছেলের রাশিতে সমস্যা,3
1082,খুব সুন্দর!,positive,সুন্দর,1
1083,আমাকে বিয়ে করতে বাধ্য করা হয়েছিল,negative,বিয়ে বাধ্য হয়েছিল,3
1084,অনেক অপমানই সহ্য করতে হয়,negative,অপমানই সহ্য,2
1085,এই গাঁধাটাকে কে বিয়ে করবে,negative,গাঁধাটাকে বিয়ে,2
1086,"আমাদের বোন যেন আমাদের মত দূর্ভাগা না হয়, সেটা আমাদেরকেই নিশ্চিত করতে হবে",positive,বোন মত দূর্ভাগা আমাদেরকেই নিশ্চিত,5
1087,সে তো খুবই সুন্দর!,positive,খুবই সুন্দর,2
1088,একটা সুদর্শন ছেলে,positive,সুদর্শন ছেলে,2
1089,আমি আপনাকে ভালোবাসি,positive,ভালোবাসি,1
1090,কিন্তু আমি তো বিবাহিত,positive,বিবাহিত,1
1091,আপনার দ্বিতীয় স্ত্রী হতে আমার কোনো আপত্তি নেই,positive,দ্বিতীয় স্ত্রী আপত্তি,3
1092,"আপনার উচিত এই বিয়েটা বাতিল করে, আমাদেরকে সমর্থন জানানো",positive,বিয়েটা বাতিল আমাদেরকে সমর্থন,4
1093,হাঁটুতে ব্যথা করছে,negative,হাঁটুতে ব্যথা,2
1094,শরীরে ব্যথা করছে,negative,শরীরে ব্যথা,2
1095,ভালোবাসার সাথে ফিটনেসের কোনো সম্পর্ক নেই,positive,ভালোবাসার ফিটনেসের সম্পর্ক,3
1096,তার মৃত্যু নিশ্চিত,negative,মৃত্যু নিশ্চিত,2
1097,সুন্দর! মিষ্টি!,positive,সুন্দর মিষ্টি,2
1098,সৃষ্টিকর্তাকে ধন্যবাদ!,positive,সৃষ্টিকর্তাকে ধন্যবাদ,2
1099,হাত ধরার মাধ্যমে তাদের অর্ধেক বিয়ে হয়ে গেছে,positive,হাত ধরার অর্ধেক বিয়ে,4
1100,আমাদের কষ্টের কথা জানলে তুমি এভাবে বলতে না,negative,কষ্টের জানলে এভাবে,3
1101,আমার স্বামী খুব খারাপ লোক।,negative,স্বামী খারাপ লোক,3
1102,সে আমার উপর খুব নির্যাতন করে।,negative,নির্যাতন,1
1103,বাকিটা আমাকে বলতে দাও,positive,বাকিটা দাও,2
1104,বাহ! তুমি তো বেশ বুদ্ধিমান।,positive,বাহ বুদ্ধিমান,2
1105,তুই খুব ভাগ্যবতী রে।,positive,তুই ভাগ্যবতী রে,3
1106,আমিও সেটা বিবেচনা করেই রাজি হয়ে গিয়েছিলাম,positive,আমিও বিবেচনা রাজি গিয়েছিলাম,4
1107,তাই তার কথা বিশ্বাস করে আমি কাগজে স্বাক্ষর করে দিয়েছিলাম,positive,বিশ্বাস কাগজে স্বাক্ষর দিয়েছিলাম,4
1108,ভাগ্য ভালো,positive,ভাগ্য ভালো,2
1109,সে বিয়ে করলে আপনিই সবচেয়ে সুখী হবেন,positive,বিয়ে আপনিই সবচেয়ে সুখী,4
1110,বেশ আরামদায়ক,positive,আরামদায়ক,1
1111,আপনি আমার শক্তি। আমার সাহস,positive,শক্তি সাহস,2
1112,কী সুন্দর! কী মিষ্টি!,positive,সুন্দর মিষ্টি,2
1113,কী সুদর্শন!,positive,সুদর্শন,1
1114,আমি ওকে একটা সুন্দর জীবন দিব,positive,সুন্দর জীবন দিব,3
1115,বাহ! কী দারুণ,positive,বাহ দারুণ,2
1116,ওর জন্য একটা হাততালি হয়ে যাক৷,positive,হাততালি যাক৷,2
1117,"যদি এমন কারো মতামত পেতাম, যে এসবের সাথে জড়িত নয়",positive,কারো মতামত পেতাম এসবের জড়িত,5
1118,কী সুন্দর নাটক! ,positive,সুন্দর নাটক,2
1119,ভালো বুদ্ধি৷ ভালো বুদ্ধি। ,positive,ভালো বুদ্ধি৷ ভালো বুদ্ধি,4
1120,লোকটা মারা যাবে তো!,negative,লোকটা মারা,2
1121,আমি নিশ্চিত সে খুশি হবে,positive,নিশ্চিত খুশি,2
1122,তুমি দেখতে একদম আমার মেলায়  হারিয়ে যাওয়া ছেলেটার মতো,positive,একদম মেলায় হারিয়ে ছেলেটার,4
1123,"ও একটা শয়তান মেয়ে, বাবাকে ঠকিয়েছে",negative,শয়তান মেয়ে বাবাকে ঠকিয়েছে,4
1124,তুই একটা চোর৷,negative,তুই চোর৷,2
1125,উনি খুব বিপদে আছেন৷,negative,বিপদে আছেন৷,2
1126,আমাকে ক্ষমা করে দিন,negative,ক্ষমা,1
1127,আপনি মনোযোগ দিচ্ছেন না কেন? ,negative,মনোযোগ দিচ্ছেন,2
1128,বাচ্চারা কাঁদছে,negative,বাচ্চারা কাঁদছে,2
1129,"ওই, কে রে শালা তুই?",negative,রে শালা তুই,3
1130,সবকিছুই পরিকল্পনা মাফিক হবে,positive,সবকিছুই পরিকল্পনা মাফিক,3
1131,তুই কোন নরক থেকে এসেছিস রে?,negative,তুই নরক এসেছিস রে,4
1132,এখানেই মরবি তুই।,negative,মরবি তুই,2
1133,আপনি যা করেছেন তার জন্যে আপনাকে মেরে ফেলা উচিত,negative,জন্যে মেরে ফেলা,3
